0,1.175300775,-2.374696041,0,1.991161561,0,0,0,-1.92688399,0,0,-1.189872222,0,0,0,0,-0.964468605,0,4.335066172,0,3.028265062,1.249791282,0,2.641727426,0,0,0,0,0,-2.105378397,0,0,0,0,0,0,0,0,0,0,0,0,0,0,0,0,0,0,0,0,0,0,0,0,0,0,0,0,0,0,0,0,0,0,0,0,0,0,0,0,0,0,0,0,0,0,0,0,0,0,0,0,0,0,0,0,0,0,0,0,0,0,0,0,0,0,0,0,0,0,0,0,0,0,0,0,0,0,0,0,0,0,0,0,0,0,0,0,0,0,0,0,0,0,0,0,0,0,0,0,0,0,0,0,0,0,0,0,0,0,0,0,0,0,0,0,0,0,0,0,0,0,0,0,0,0,0,0,0,0,0,0,0,0,0,0,0,0,0,0,0,0,0,0,0,0,0,0,0,0
0,0,-11.57391763,8.700076588,-2.582473135,0,3.688760284,0,-4.229209011,-4.009282031,0,9.500722699,0,3.888719961,0,5.608249637,-3.14203318,0,0,-6.625987757,-11.09368353,0,-2.094148758,6.252159146,-9.878430225,-9.667451407,4.669051066,4.422181559,0,10.48536531,0,0,0,0,0,0,0,0,0,0,0,0,0,0,0,0,0,0,0,0,0,0,0,0,0,0,0,0,0,0,0,0,0,0,0,0,0,0,0,0,0,0,0,0,0,0,0,0,0,0,0,0,0,0,0,0,0,0,0,0,0,0,0,0,0,0,0,0,0,0,0,0,0,0,0,0,0,0,0,0,0,0,0,0,0,0,0,0,0,0,0,0,0,0,0,0,0,0,0,0,0,0,0,0,0,0,0,0,0,0,0,0,0,0,0,0,0,0,0,0,0,0,0,0,0,0,0,0,0,0,0,0,0,0,0,0,0,0,0,0,0,0,0,0,0,0,0,0,0,0
0,2.026485539,0,0,5.227331438,7.01241225,0,0,0,2.687216827,0,0,0,0,-4.701477369,0,0,-4.454567576,9.309443967,0,0,2.160347545,-4.058831453,0,0,0,-5.323702865,0,0,0,0,0,0,0,0,0,0,0,0,0,0,0,0,0,0,0,0,0,0,0,0,0,0,0,0,0,0,0,0,0,0,0,0,0,0,0,0,0,0,0,0,0,0,0,0,0,0,0,0,0,0,0,0,0,0,0,0,0,0,0,0,0,0,0,0,0,0,0,0,0,0,0,0,0,0,0,0,0,0,0,0,0,0,0,0,0,0,0,0,0,0,0,0,0,0,0,0,0,0,0,0,0,0,0,0,0,0,0,0,0,0,0,0,0,0,0,0,0,0,0,0,0,0,0,0,0,0,0,0,0,0,0,0,0,0,0,0,0,0,0,0,0,0,0,0,0,0,0,0,0
0,0,0,0,4.987962136,0,6.889902616,0,0,-3.951204195,0,0,2.670567764,6.098540824,-6.680251009,0,0,-5.210582959,11.06663019,-5.631188014,0,0,0,0,0,0,0,0,0,0,0,0,0,0,0,0,0,0,0,0,0,0,0,0,0,0,0,0,0,0,0,0,0,0,0,0,0,0,0,0,0,0,0,0,0,0,0,0,0,0,0,0,0,0,0,0,0,0,0,0,0,0,0,0,0,0,0,0,0,0,0,0,0,0,0,0,0,0,0,0,0,0,0,0,0,0,0,0,0,0,0,0,0,0,0,0,0,0,0,0,0,0,0,0,0,0,0,0,0,0,0,0,0,0,0,0,0,0,0,0,0,0,0,0,0,0,0,0,0,0,0,0,0,0,0,0,0,0,0,0,0,0,0,0,0,0,0,0,0,0,0,0,0,0,0,0,0,0,0,0
0,0,-5.954962428,0,0,0,0,-4.750923644,0,6.172791053,0,3.752987786,0,0,0,0,0,0,0,0,6.826364428,0,0,5.639651695,6.217579075,0,-6.483362418,-8.011293433,0,-6.816534507,0,0,0,0,0,0,0,0,0,0,0,0,0,0,0,0,0,0,0,0,0,0,0,0,0,0,0,0,0,0,0,0,0,0,0,0,0,0,0,0,0,0,0,0,0,0,0,0,0,0,0,0,0,0,0,0,0,0,0,0,0,0,0,0,0,0,0,0,0,0,0,0,0,0,0,0,0,0,0,0,0,0,0,0,0,0,0,0,0,0,0,0,0,0,0,0,0,0,0,0,0,0,0,0,0,0,0,0,0,0,0,0,0,0,0,0,0,0,0,0,0,0,0,0,0,0,0,0,0,0,0,0,0,0,0,0,0,0,0,0,0,0,0,0,0,0,0,0,0,0
0,0,0,0,0,0,1.761722826,0,0,0,0,0,0.800321889,0,-1.886138679,0,0,1.359422448,0,0,0,-1.81047066,0,1.526497111,0,-1.433199154,0,0,1.176025402,0,0,0,0,0,0,0,0,0,0,0,0,0,0,0,0,0,0,0,0,0,0,0,0,0,0,0,0,0,0,0,0,0,0,0,0,0,0,0,0,0,0,0,0,0,0,0,0,0,0,0,0,0,0,0,0,0,0,0,0,0,0,0,0,0,0,0,0,0,0,0,0,0,0,0,0,0,0,0,0,0,0,0,0,0,0,0,0,0,0,0,0,0,0,0,0,0,0,0,0,0,0,0,0,0,0,0,0,0,0,0,0,0,0,0,0,0,0,0,0,0,0,0,0,0,0,0,0,0,0,0,0,0,0,0,0,0,0,0,0,0,0,0,0,0,0,0,0,0,0,0
0,0,0,-5.830349339,-4.739485752,3.740289589,0,-2.641149248,7.505065862,0,4.046637483,2.736395027,0,0,4.165644769,-8.060074704,0,0,0,-4.496593963,6.725189236,0,0,0,0,0,10.55310517,0,0,-8.969385265,0,0,0,0,0,0,0,0,0,0,0,0,0,0,0,0,0,0,0,0,0,0,0,0,0,0,0,0,0,0,0,0,0,0,0,0,0,0,0,0,0,0,0,0,0,0,0,0,0,0,0,0,0,0,0,0,0,0,0,0,0,0,0,0,0,0,0,0,0,0,0,0,0,0,0,0,0,0,0,0,0,0,0,0,0,0,0,0,0,0,0,0,0,0,0,0,0,0,0,0,0,0,0,0,0,0,0,0,0,0,0,0,0,0,0,0,0,0,0,0,0,0,0,0,0,0,0,0,0,0,0,0,0,0,0,0,0,0,0,0,0,0,0,0,0,0,0,0,0,0
0,0,0,-16.63096283,0,0,12.50658574,0,0,-9.365490409,0,0,7.987645644,7.165006419,-9.97399322,-13.3068031,0,-7.685239852,8.866363837,0,9.271192278,0,0,0,0,0,0,0,0,0,0,0,0,0,0,0,0,0,0,0,0,0,0,0,0,0,0,0,0,0,0,0,0,0,0,0,0,0,0,0,0,0,0,0,0,0,0,0,0,0,0,0,0,0,0,0,0,0,0,0,0,0,0,0,0,0,0,0,0,0,0,0,0,0,0,0,0,0,0,0,0,0,0,0,0,0,0,0,0,0,0,0,0,0,0,0,0,0,0,0,0,0,0,0,0,0,0,0,0,0,0,0,0,0,0,0,0,0,0,0,0,0,0,0,0,0,0,0,0,0,0,0,0,0,0,0,0,0,0,0,0,0,0,0,0,0,0,0,0,0,0,0,0,0,0,0,0,0,0,0
0,3.871624489,-4.444212449,-4.275246952,3.458349265,0,4.15702289,0,0,-4.811225757,0,0,0,0,0,0,0,0,12.68343966,-7.078043021,0,0,0,0,0,0,-5.752762991,0,0,0,0,0,0,0,0,0,0,0,0,0,0,0,0,0,0,0,0,0,0,0,0,0,0,0,0,0,0,0,0,0,0,0,0,0,0,0,0,0,0,0,0,0,0,0,0,0,0,0,0,0,0,0,0,0,0,0,0,0,0,0,0,0,0,0,0,0,0,0,0,0,0,0,0,0,0,0,0,0,0,0,0,0,0,0,0,0,0,0,0,0,0,0,0,0,0,0,0,0,0,0,0,0,0,0,0,0,0,0,0,0,0,0,0,0,0,0,0,0,0,0,0,0,0,0,0,0,0,0,0,0,0,0,0,0,0,0,0,0,0,0,0,0,0,0,0,0,0,0,0,0
0,0,0,-5.47670273,-5.766940502,-2.726830332,0,0,2.850039231,0,0,0,0,3.283328701,0,0,0,0,0,0,0,0,0,-3.304502577,0,2.80214952,0,3.35000953,0,-3.313983208,0,0,0,0,0,0,0,0,0,0,0,0,0,0,0,0,0,0,0,0,0,0,0,0,0,0,0,0,0,0,0,0,0,0,0,0,0,0,0,0,0,0,0,0,0,0,0,0,0,0,0,0,0,0,0,0,0,0,0,0,0,0,0,0,0,0,0,0,0,0,0,0,0,0,0,0,0,0,0,0,0,0,0,0,0,0,0,0,0,0,0,0,0,0,0,0,0,0,0,0,0,0,0,0,0,0,0,0,0,0,0,0,0,0,0,0,0,0,0,0,0,0,0,0,0,0,0,0,0,0,0,0,0,0,0,0,0,0,0,0,0,0,0,0,0,0,0,0,0,0
0,0,-2.872348515,0,0,0,0,0,0,0,0,0,0,0,0,0,-0.892168694,0,3.385124353,-2.284903453,0,0,0,1.748809525,-2.188529198,0,0,0,0,0,0,0,0,0,0,0,0,0,0,0,0,0,0,0,0,0,0,0,0,0,0,0,0,0,0,0,0,0,0,0,0,0,0,0,0,0,0,0,0,0,0,0,0,0,0,0,0,0,0,0,0,0,0,0,0,0,0,0,0,0,0,0,0,0,0,0,0,0,0,0,0,0,0,0,0,0,0,0,0,0,0,0,0,0,0,0,0,0,0,0,0,0,0,0,0,0,0,0,0,0,0,0,0,0,0,0,0,0,0,0,0,0,0,0,0,0,0,0,0,0,0,0,0,0,0,0,0,0,0,0,0,0,0,0,0,0,0,0,0,0,0,0,0,0,0,0,0,0,0,0
0,-5.963130742,-7.862257419,10.65956503,-10.9436596,11.77659953,0,0,-11.03179803,0,0,0,-8.539413926,0,-13.84581218,19.06509654,0,0,0,0,14.56562156,0,-6.283794365,10.28520708,0,-12.05879527,15.99764972,-11.48033438,0,19.16652043,0,0,0,0,0,0,0,0,0,0,0,0,0,0,0,0,0,0,0,0,0,0,0,0,0,0,0,0,0,0,0,0,0,0,0,0,0,0,0,0,0,0,0,0,0,0,0,0,0,0,0,0,0,0,0,0,0,0,0,0,0,0,0,0,0,0,0,0,0,0,0,0,0,0,0,0,0,0,0,0,0,0,0,0,0,0,0,0,0,0,0,0,0,0,0,0,0,0,0,0,0,0,0,0,0,0,0,0,0,0,0,0,0,0,0,0,0,0,0,0,0,0,0,0,0,0,0,0,0,0,0,0,0,0,0,0,0,0,0,0,0,0,0,0,0,0,0,0,0,0
0,0,0,-5.469532974,0,0,0,0,0,0,0,0,0,0,0,0,0,-2.543475627,4.253154725,0,6.396300287,0,0,0,3.854497776,2.524091046,0,0,0,-7.797365491,0,0,0,0,0,0,0,0,0,0,0,0,0,0,0,0,0,0,0,0,0,0,0,0,0,0,0,0,0,0,0,0,0,0,0,0,0,0,0,0,0,0,0,0,0,0,0,0,0,0,0,0,0,0,0,0,0,0,0,0,0,0,0,0,0,0,0,0,0,0,0,0,0,0,0,0,0,0,0,0,0,0,0,0,0,0,0,0,0,0,0,0,0,0,0,0,0,0,0,0,0,0,0,0,0,0,0,0,0,0,0,0,0,0,0,0,0,0,0,0,0,0,0,0,0,0,0,0,0,0,0,0,0,0,0,0,0,0,0,0,0,0,0,0,0,0,0,0,0,0
0,3.571536074,0,-5.202157031,0,0,4.457772124,2.242351003,0,-3.3585874,0,0,2.827993164,0,-5.08873857,0,-2.041672947,0,5.770830473,-3.791077433,0,0,0,4.475864436,0,-2.688627262,0,0,0,0,0,0,0,0,0,0,0,0,0,0,0,0,0,0,0,0,0,0,0,0,0,0,0,0,0,0,0,0,0,0,0,0,0,0,0,0,0,0,0,0,0,0,0,0,0,0,0,0,0,0,0,0,0,0,0,0,0,0,0,0,0,0,0,0,0,0,0,0,0,0,0,0,0,0,0,0,0,0,0,0,0,0,0,0,0,0,0,0,0,0,0,0,0,0,0,0,0,0,0,0,0,0,0,0,0,0,0,0,0,0,0,0,0,0,0,0,0,0,0,0,0,0,0,0,0,0,0,0,0,0,0,0,0,0,0,0,0,0,0,0,0,0,0,0,0,0,0,0,0,0
0,5.71690688,0,0,0,7.011011921,8.783555415,-5.768652377,0,0,0,0,3.110515825,0,0,0,0,0,0,0,0,0,0,5.950413049,0,0,0,-8.556582992,0,-7.458419025,0,0,0,0,0,0,0,0,0,0,0,0,0,0,0,0,0,0,0,0,0,0,0,0,0,0,0,0,0,0,0,0,0,0,0,0,0,0,0,0,0,0,0,0,0,0,0,0,0,0,0,0,0,0,0,0,0,0,0,0,0,0,0,0,0,0,0,0,0,0,0,0,0,0,0,0,0,0,0,0,0,0,0,0,0,0,0,0,0,0,0,0,0,0,0,0,0,0,0,0,0,0,0,0,0,0,0,0,0,0,0,0,0,0,0,0,0,0,0,0,0,0,0,0,0,0,0,0,0,0,0,0,0,0,0,0,0,0,0,0,0,0,0,0,0,0,0,0,0,0
0,0,0,0,0,0,0,-1.483767095,0,0,-2.065544188,0,0,0,0,0,0,0,5.753034825,0,0,1.167710052,0,0,0,0,0,0,0,-2.648006852,0,0,0,0,0,0,0,0,0,0,0,0,0,0,0,0,0,0,0,0,0,0,0,0,0,0,0,0,0,0,0,0,0,0,0,0,0,0,0,0,0,0,0,0,0,0,0,0,0,0,0,0,0,0,0,0,0,0,0,0,0,0,0,0,0,0,0,0,0,0,0,0,0,0,0,0,0,0,0,0,0,0,0,0,0,0,0,0,0,0,0,0,0,0,0,0,0,0,0,0,0,0,0,0,0,0,0,0,0,0,0,0,0,0,0,0,0,0,0,0,0,0,0,0,0,0,0,0,0,0,0,0,0,0,0,0,0,0,0,0,0,0,0,0,0,0,0,0,0,0
0,5.361421423,0,-11.35868254,5.841157902,0,0,0,0,-10.73507618,0,0,6.738652252,0,0,0,0,0,9.341881316,0,0,0,0,0,0,10.08606201,0,0,-5.698275455,0,0,0,0,0,0,0,0,0,0,0,0,0,0,0,0,0,0,0,0,0,0,0,0,0,0,0,0,0,0,0,0,0,0,0,0,0,0,0,0,0,0,0,0,0,0,0,0,0,0,0,0,0,0,0,0,0,0,0,0,0,0,0,0,0,0,0,0,0,0,0,0,0,0,0,0,0,0,0,0,0,0,0,0,0,0,0,0,0,0,0,0,0,0,0,0,0,0,0,0,0,0,0,0,0,0,0,0,0,0,0,0,0,0,0,0,0,0,0,0,0,0,0,0,0,0,0,0,0,0,0,0,0,0,0,0,0,0,0,0,0,0,0,0,0,0,0,0,0,0,0
0,3.389256149,0,-3.491749933,0,0,3.53207987,4.010864148,0,0,0,0,0,0,0,0,0,0,0,0,0,0,0,0,-3.472506396,-3.360720214,0,0,3.373511901,4.549858676,0,0,0,0,0,0,0,0,0,0,0,0,0,0,0,0,0,0,0,0,0,0,0,0,0,0,0,0,0,0,0,0,0,0,0,0,0,0,0,0,0,0,0,0,0,0,0,0,0,0,0,0,0,0,0,0,0,0,0,0,0,0,0,0,0,0,0,0,0,0,0,0,0,0,0,0,0,0,0,0,0,0,0,0,0,0,0,0,0,0,0,0,0,0,0,0,0,0,0,0,0,0,0,0,0,0,0,0,0,0,0,0,0,0,0,0,0,0,0,0,0,0,0,0,0,0,0,0,0,0,0,0,0,0,0,0,0,0,0,0,0,0,0,0,0,0,0,0,0,0
0,9.206061995,0,0,0,17.14207843,23.32644151,0,0,0,0,0,0,0,0,-24.09530775,0,0,0,-9.25218644,0,0,0,0,-9.56998691,0,0,0,0,0,0,0,0,0,0,0,0,0,0,0,0,0,0,0,0,0,0,0,0,0,0,0,0,0,0,0,0,0,0,0,0,0,0,0,0,0,0,0,0,0,0,0,0,0,0,0,0,0,0,0,0,0,0,0,0,0,0,0,0,0,0,0,0,0,0,0,0,0,0,0,0,0,0,0,0,0,0,0,0,0,0,0,0,0,0,0,0,0,0,0,0,0,0,0,0,0,0,0,0,0,0,0,0,0,0,0,0,0,0,0,0,0,0,0,0,0,0,0,0,0,0,0,0,0,0,0,0,0,0,0,0,0,0,0,0,0,0,0,0,0,0,0,0,0,0,0,0,0,0,0
0,4.222743805,0,0,-3.922582837,0,6.304289549,-5.028753369,0,0,0,0,0,0,0,0,0,0,4.761801802,0,0,0,0,0,-6.572041777,0,0,0,0,0,0,0,0,0,0,0,0,0,0,0,0,0,0,0,0,0,0,0,0,0,0,0,0,0,0,0,0,0,0,0,0,0,0,0,0,0,0,0,0,0,0,0,0,0,0,0,0,0,0,0,0,0,0,0,0,0,0,0,0,0,0,0,0,0,0,0,0,0,0,0,0,0,0,0,0,0,0,0,0,0,0,0,0,0,0,0,0,0,0,0,0,0,0,0,0,0,0,0,0,0,0,0,0,0,0,0,0,0,0,0,0,0,0,0,0,0,0,0,0,0,0,0,0,0,0,0,0,0,0,0,0,0,0,0,0,0,0,0,0,0,0,0,0,0,0,0,0,0,0,0
0,5.073753823,0,0,4.489999788,6.616485933,0,0,0,0,0,0,0,0,0,0,0,-4.375404836,12.49251882,0,0,5.207383173,0,0,0,0,-7.033755032,0,0,-8.756201234,0,0,0,0,0,0,0,0,0,0,0,0,0,0,0,0,0,0,0,0,0,0,0,0,0,0,0,0,0,0,0,0,0,0,0,0,0,0,0,0,0,0,0,0,0,0,0,0,0,0,0,0,0,0,0,0,0,0,0,0,0,0,0,0,0,0,0,0,0,0,0,0,0,0,0,0,0,0,0,0,0,0,0,0,0,0,0,0,0,0,0,0,0,0,0,0,0,0,0,0,0,0,0,0,0,0,0,0,0,0,0,0,0,0,0,0,0,0,0,0,0,0,0,0,0,0,0,0,0,0,0,0,0,0,0,0,0,0,0,0,0,0,0,0,0,0,0,0,0,0
0,0,5.871029801,-4.847559901,0,4.701764784,0,2.578033304,7.071593687,-3.899637632,0,0,0,-6.5157124,5.55056416,-5.036966584,0,2.908604423,-4.12543984,-5.358451881,0,0,0,0,3.966018033,0,0,0,0,-4.612288433,0,0,0,0,0,0,0,0,0,0,0,0,0,0,0,0,0,0,0,0,0,0,0,0,0,0,0,0,0,0,0,0,0,0,0,0,0,0,0,0,0,0,0,0,0,0,0,0,0,0,0,0,0,0,0,0,0,0,0,0,0,0,0,0,0,0,0,0,0,0,0,0,0,0,0,0,0,0,0,0,0,0,0,0,0,0,0,0,0,0,0,0,0,0,0,0,0,0,0,0,0,0,0,0,0,0,0,0,0,0,0,0,0,0,0,0,0,0,0,0,0,0,0,0,0,0,0,0,0,0,0,0,0,0,0,0,0,0,0,0,0,0,0,0,0,0,0,0,0,0
0,0,6.757886973,0,0,8.220663524,12.74285453,0,11.12786475,-7.340217527,0,0,0,-13.53155121,-10.03562787,0,0,0,-12.60737756,-9.516355879,10.55473125,-5.228924934,0,0,0,-8.645216704,14.45695262,-18.74636762,0,0,0,0,0,0,0,0,0,0,0,0,0,0,0,0,0,0,0,0,0,0,0,0,0,0,0,0,0,0,0,0,0,0,0,0,0,0,0,0,0,0,0,0,0,0,0,0,0,0,0,0,0,0,0,0,0,0,0,0,0,0,0,0,0,0,0,0,0,0,0,0,0,0,0,0,0,0,0,0,0,0,0,0,0,0,0,0,0,0,0,0,0,0,0,0,0,0,0,0,0,0,0,0,0,0,0,0,0,0,0,0,0,0,0,0,0,0,0,0,0,0,0,0,0,0,0,0,0,0,0,0,0,0,0,0,0,0,0,0,0,0,0,0,0,0,0,0,0,0,0,0
0,1.551752586,-2.131183855,0,3.095274554,0,4.734728661,0,0,0,0,-1.855069782,0,-2.65348936,-3.872851523,0,0,0,6.669645597,0,0,0,0,0,0,0,-4.318354434,0,0,0,0,0,0,0,0,0,0,0,0,0,0,0,0,0,0,0,0,0,0,0,0,0,0,0,0,0,0,0,0,0,0,0,0,0,0,0,0,0,0,0,0,0,0,0,0,0,0,0,0,0,0,0,0,0,0,0,0,0,0,0,0,0,0,0,0,0,0,0,0,0,0,0,0,0,0,0,0,0,0,0,0,0,0,0,0,0,0,0,0,0,0,0,0,0,0,0,0,0,0,0,0,0,0,0,0,0,0,0,0,0,0,0,0,0,0,0,0,0,0,0,0,0,0,0,0,0,0,0,0,0,0,0,0,0,0,0,0,0,0,0,0,0,0,0,0,0,0,0,0,0
0,0,0,0,-5.185832278,0,0,0,0,0,0,2.849439441,0,0,0,5.16523042,0,0,-3.805632903,0,4.600907777,-3.681612611,0,0,0,-3.531191201,9.324251768,-6.844143387,0,5.579947322,0,0,0,0,0,0,0,0,0,0,0,0,0,0,0,0,0,0,0,0,0,0,0,0,0,0,0,0,0,0,0,0,0,0,0,0,0,0,0,0,0,0,0,0,0,0,0,0,0,0,0,0,0,0,0,0,0,0,0,0,0,0,0,0,0,0,0,0,0,0,0,0,0,0,0,0,0,0,0,0,0,0,0,0,0,0,0,0,0,0,0,0,0,0,0,0,0,0,0,0,0,0,0,0,0,0,0,0,0,0,0,0,0,0,0,0,0,0,0,0,0,0,0,0,0,0,0,0,0,0,0,0,0,0,0,0,0,0,0,0,0,0,0,0,0,0,0,0,0,0
0,6.142714043,0,-6.212357358,0,0,8.511588174,4.692330324,0,-6.983325751,0,0,0,0,-13.56380182,0,0,0,0,0,9.239681748,-3.959151866,2.423222405,0,0,0,0,-14.32137156,3.575905978,0,0,0,0,0,0,0,0,0,0,0,0,0,0,0,0,0,0,0,0,0,0,0,0,0,0,0,0,0,0,0,0,0,0,0,0,0,0,0,0,0,0,0,0,0,0,0,0,0,0,0,0,0,0,0,0,0,0,0,0,0,0,0,0,0,0,0,0,0,0,0,0,0,0,0,0,0,0,0,0,0,0,0,0,0,0,0,0,0,0,0,0,0,0,0,0,0,0,0,0,0,0,0,0,0,0,0,0,0,0,0,0,0,0,0,0,0,0,0,0,0,0,0,0,0,0,0,0,0,0,0,0,0,0,0,0,0,0,0,0,0,0,0,0,0,0,0,0,0,0,0
0,3.671208849,0,0,0,9.801875145,0,0,4.687985981,0,0,0,0,0,0,-9.767949462,0,3.443705736,3.987413211,-4.231108621,0,0,0,4.839792927,0,-3.900498395,0,-7.994548579,0,0,0,0,0,0,0,0,0,0,0,0,0,0,0,0,0,0,0,0,0,0,0,0,0,0,0,0,0,0,0,0,0,0,0,0,0,0,0,0,0,0,0,0,0,0,0,0,0,0,0,0,0,0,0,0,0,0,0,0,0,0,0,0,0,0,0,0,0,0,0,0,0,0,0,0,0,0,0,0,0,0,0,0,0,0,0,0,0,0,0,0,0,0,0,0,0,0,0,0,0,0,0,0,0,0,0,0,0,0,0,0,0,0,0,0,0,0,0,0,0,0,0,0,0,0,0,0,0,0,0,0,0,0,0,0,0,0,0,0,0,0,0,0,0,0,0,0,0,0,0,0
0,0,0,0,0,5.348951203,0,0,-4.062333677,0,0,0,0,0,0,0,0,0,12.12904966,0,0,0,-3.104785442,0,0,0,0,0,0,0,0,0,0,0,0,0,0,0,0,0,0,0,0,0,0,0,0,0,0,0,0,0,0,0,0,0,0,0,0,0,0,0,0,0,0,0,0,0,0,0,0,0,0,0,0,0,0,0,0,0,0,0,0,0,0,0,0,0,0,0,0,0,0,0,0,0,0,0,0,0,0,0,0,0,0,0,0,0,0,0,0,0,0,0,0,0,0,0,0,0,0,0,0,0,0,0,0,0,0,0,0,0,0,0,0,0,0,0,0,0,0,0,0,0,0,0,0,0,0,0,0,0,0,0,0,0,0,0,0,0,0,0,0,0,0,0,0,0,0,0,0,0,0,0,0,0,0,0,0,0
0,0,0,0,0,0,12.36549801,0,0,-8.056866849,-12.43411138,0,0,0,0,0,3.568407151,-12.0735536,0,0,17.98807709,0,-4.081394079,0,6.692903186,0,0,0,0,-9.478993042,0,0,0,0,0,0,0,0,0,0,0,0,0,0,0,0,0,0,0,0,0,0,0,0,0,0,0,0,0,0,0,0,0,0,0,0,0,0,0,0,0,0,0,0,0,0,0,0,0,0,0,0,0,0,0,0,0,0,0,0,0,0,0,0,0,0,0,0,0,0,0,0,0,0,0,0,0,0,0,0,0,0,0,0,0,0,0,0,0,0,0,0,0,0,0,0,0,0,0,0,0,0,0,0,0,0,0,0,0,0,0,0,0,0,0,0,0,0,0,0,0,0,0,0,0,0,0,0,0,0,0,0,0,0,0,0,0,0,0,0,0,0,0,0,0,0,0,0,0,0
0,4.589268712,0,3.926560313,0,8.333329876,12.12404161,0,0,-5.523013594,0,0,0,-5.625912173,0,0,0,0,0,-8.572343863,0,0,0,0,-4.250577212,0,0,-7.675780633,0,0,0,0,0,0,0,0,0,0,0,0,0,0,0,0,0,0,0,0,0,0,0,0,0,0,0,0,0,0,0,0,0,0,0,0,0,0,0,0,0,0,0,0,0,0,0,0,0,0,0,0,0,0,0,0,0,0,0,0,0,0,0,0,0,0,0,0,0,0,0,0,0,0,0,0,0,0,0,0,0,0,0,0,0,0,0,0,0,0,0,0,0,0,0,0,0,0,0,0,0,0,0,0,0,0,0,0,0,0,0,0,0,0,0,0,0,0,0,0,0,0,0,0,0,0,0,0,0,0,0,0,0,0,0,0,0,0,0,0,0,0,0,0,0,0,0,0,0,0,0,0
0,12.3720629,0,14.98064156,0,15.26687671,0,0,0,-16.04439212,0,0,0,-12.82085993,0,-26.51994271,0,0,32.31385075,0,0,0,0,0,-18.71520888,0,0,0,8.533456163,0,0,0,7.686890322,-4.089793034,13.60538763,0,0,0,0,0,0,0,24.42915429,15.01681659,-22.77016842,-10.83265666,0,0,16.47629739,13.84219841,8.907104713,0,0,0,0,0,29.71862822,0,0,0,0,0,0,0,0,-13.91575244,0,-6.833771208,0,0,-19.11607277,16.74319689,0,11.05542713,-10.5554111,0,0,0,18.51433707,-33.0169787,0,0,0,0,0,0,0,0,0,0,0,0,0,0,0,0,0,0,0,0,0,0,0,0,0,0,0,0,0,0,0,0,0,0,0,0,0,0,0,0,0,0,0,0,0,0,0,0,0,0,0,0,0,0,0,0,0,0,0,0,0,0,0,0,0,0,0,0,0,0,0,0,0,0,0,0,0,0,0,0,0,0,0,0,0,0,0,0,0,0,0,0,0,0,0,0,0,0,0,0
42.37793157,0,22.01581154,0,0,-32.66895942,0,0,-24.22071993,0,0,0,-12.01653503,-14.82648032,0,0,0,-12.7334468,0,19.10004684,-22.52893915,0,7.387294787,-27.13373732,0,0,-20.18922025,0,0,0,0,0,0,-7.170345165,0,0,0,0,0,-28.5016075,-18.38557188,17.61046164,-22.65819027,0,0,0,0,0,23.54917888,0,0,0,0,0,0,0,0,0,0,0,-21.50752675,0,0,0,0,0,11.14626288,13.50223026,0,33.37229467,-15.01899672,22.90128741,0,26.88627462,0,0,0,0,0,0,0,0,0,0,0,0,0,0,0,0,0,0,0,0,0,0,0,0,0,0,0,0,0,0,0,0,0,0,0,0,0,0,0,0,0,0,0,0,0,0,0,0,0,0,0,0,0,0,0,0,0,0,0,0,0,0,0,0,0,0,0,0,0,0,0,0,0,0,0,0,0,0,0,0,0,0,0,0,0,0,0,0,0,0,0,0,0,0,0,0,0,0,0,0,0,0,0,0,0,0
0,0,-43.19541389,0,-14.41985648,0,0,16.55083484,0,0,31.4086428,13.27188834,0,0,-21.3900367,0,-21.46778532,35.37315939,0,0,30.03610266,0,-10.22279478,0,0,-29.7186403,0,0,0,0,0,0,0,0,0,0,0,0,-68.24211622,0,0,0,0,16.92762148,0,-24.38210122,0,0,0,0,49.5699039,0,0,0,0,0,0,0,0,17.89355781,0,0,0,-38.37966518,24.01370551,0,0,-36.83283378,-28.73440944,0,0,0,0,0,0,0,20.11363323,0,0,22.90400479,0,0,0,0,0,0,0,0,0,0,0,0,0,0,0,0,0,0,0,0,0,0,0,0,0,0,0,0,0,0,0,0,0,0,0,0,0,0,0,0,0,0,0,0,0,0,0,0,0,0,0,0,0,0,0,0,0,0,0,0,0,0,0,0,0,0,0,0,0,0,0,0,0,0,0,0,0,0,0,0,0,0,0,0,0,0,0,0,0,0,0,0,0,0,0,0,0,0,0,0
0,20.95207691,0,-18.84149062,0,22.21629972,27.61496743,0,0,0,25.91000361,0,0,31.35020777,0,-38.6506986,0,0,25.44996397,-26.79402656,-31.11764131,0,-7.87205773,15.91232221,0,0,0,0,-14.33154608,22.82513266,0,-29.76187736,0,0,0,0,54.53945096,53.41929087,0,42.59817006,21.11485151,0,0,0,28.24632209,0,0,-38.29645434,0,0,-21.3181394,0,0,-27.53452198,-74.02844763,16.05093426,0,0,0,0,0,0,0,0,0,19.75573741,9.288123272,0,0,0,-31.44291613,21.46117186,0,-21.77340511,0,0,0,0,0,0,0,0,0,0,0,0,0,0,0,0,0,0,0,0,0,0,0,0,0,0,0,0,0,0,0,0,0,0,0,0,0,0,0,0,0,0,0,0,0,0,0,0,0,0,0,0,0,0,0,0,0,0,0,0,0,0,0,0,0,0,0,0,0,0,0,0,0,0,0,0,0,0,0,0,0,0,0,0,0,0,0,0,0,0,0,0,0,0,0,0,0,0,0,0,0,0,0,0,0,0
-27.21870881,5.485126626,0,0,-8.334303099,0,0,-8.358198947,7.48309157,0,0,0,0,15.95869635,9.247717684,18.64014003,0,0,9.232415798,0,11.24284787,-8.751252091,0,0,0,0,0,7.290666207,6.262418983,-14.02359056,0,4.986508663,0,-3.889860502,0,0,0,0,0,9.638128757,0,0,0,0,12.64096267,-9.108543323,0,-17.06389042,0,-13.39876547,0,0,0,7.553761188,0,0,11.89576315,8.001229241,0,8.01101017,16.57372133,0,-9.236349733,0,-4.892442353,0,0,-9.145902678,6.819336213,-10.37789076,0,0,-10.72666015,0,0,0,-10.72651829,-6.968622349,-11.80492377,-11.62688221,0,0,0,0,0,0,0,0,0,0,0,0,0,0,0,0,0,0,0,0,0,0,0,0,0,0,0,0,0,0,0,0,0,0,0,0,0,0,0,0,0,0,0,0,0,0,0,0,0,0,0,0,0,0,0,0,0,0,0,0,0,0,0,0,0,0,0,0,0,0,0,0,0,0,0,0,0,0,0,0,0,0,0,0,0,0,0,0,0,0,0,0,0,0,0,0,0,0,0,0
0,0,0,0,2.736408337,0,0,3.645028463,0,-2.817561136,8.704893199,0,1.959705729,0,0,0,0,4.388529709,0,0,0,4.705262612,0,0,-3.166930009,0,-2.652301198,-3.424909198,1.675070838,0,0,2.083159835,0,0,-3.896337862,0,0,3.853850173,0,4.609866526,-2.551691593,0,0,-2.480754936,0,-2.10023811,0,0,2.764995556,0,0,0,0,0,4.139764549,0,-4.224245887,-3.079535468,-6.990179013,-2.027109537,-2.669624455,0,2.633826082,-6.1635023,1.952912021,0,-2.11728711,-2.258116333,-2.99445629,-6.726314781,0,0,0,0,0,0,6.010063822,-3.427593199,4.388286185,3.645771249,0,0,0,0,0,0,0,0,0,0,0,0,0,0,0,0,0,0,0,0,0,0,0,0,0,0,0,0,0,0,0,0,0,0,0,0,0,0,0,0,0,0,0,0,0,0,0,0,0,0,0,0,0,0,0,0,0,0,0,0,0,0,0,0,0,0,0,0,0,0,0,0,0,0,0,0,0,0,0,0,0,0,0,0,0,0,0,0,0,0,0,0,0,0,0,0,0,0,0,0
-2.294163674,1.262630097,1.839983652,-2.330762094,0,-4.986430959,0,1.646205835,-1.665711562,0,0,-3.232499447,1.342982801,1.225261394,-3.499405793,0,1.547792109,2.729625555,0,5.96196601,-4.817242135,-1.293912999,0,-2.341520987,-1.900780444,3.268070584,-1.721494472,0,1.0397989,1.491227299,1.076363579,0,0,-0.46400795,0,2.962993034,0,-5.140805939,0,0,0,3.539485674,-6.32916848,-1.691980729,2.004886914,-2.008525314,0,0,-1.934502259,0,1.33842385,0,5.12342912,0,0,1.107136564,-5.067994697,1.466284048,0,1.607804263,-4.413751513,0,-1.178467953,0,0,2.619070693,1.843997781,1.354258689,0,1.802283426,0,-1.434738983,4.431003588,3.252615467,0,-2.433900555,0,2.719542888,-3.834435371,0,0,0,0,0,0,0,0,0,0,0,0,0,0,0,0,0,0,0,0,0,0,0,0,0,0,0,0,0,0,0,0,0,0,0,0,0,0,0,0,0,0,0,0,0,0,0,0,0,0,0,0,0,0,0,0,0,0,0,0,0,0,0,0,0,0,0,0,0,0,0,0,0,0,0,0,0,0,0,0,0,0,0,0,0,0,0,0,0,0,0,0,0,0,0,0,0,0,0,0,0
0,0,3.256002871,4.477982276,-4.467346416,0,2.561179412,-4.376217445,-4.398618581,0,0,-1.973687801,0,0,0,4.599747486,0,0,4.668643851,0,-13.16339634,1.462236271,0,-5.241192148,7.512666009,-4.099557383,0,0,0,2.528937834,3.301690276,0,2.627238412,2.053049811,0,0,8.353536828,0,7.213691628,7.34979994,0,-5.269518721,-5.849540405,-2.242942504,-2.471614316,-2.205530644,2.57261564,-3.625074846,5.51873981,-3.929901226,0,0,8.017248843,0,0,0,-5.563393288,0,0,0,0,-1.929034678,0,-4.759918114,-2.364218723,6.425972654,-2.009516789,0,6.378302314,0,-6.614725404,-3.411361424,-3.393401364,7.258721213,-2.570003291,0,4.188561703,5.522303861,2.868404406,-9.730551372,0,0,0,0,0,0,0,0,0,0,0,0,0,0,0,0,0,0,0,0,0,0,0,0,0,0,0,0,0,0,0,0,0,0,0,0,0,0,0,0,0,0,0,0,0,0,0,0,0,0,0,0,0,0,0,0,0,0,0,0,0,0,0,0,0,0,0,0,0,0,0,0,0,0,0,0,0,0,0,0,0,0,0,0,0,0,0,0,0,0,0,0,0,0,0,0,0,0,0,0
0,2.567079755,0,-3.094273594,0,0,-3.742264233,-3.317021185,0,0,-7.049368777,0,0,0,0,0,0,0,0,4.844266508,0,-2.9112014,0,2.927960062,-2.104993834,0,-4.836490575,0,-2.180366179,0,-1.77797206,0,-3.00921665,-0.932369333,4.597874114,0,-4.792985607,-5.072346819,0,0,0,5.023634157,0,-3.359618807,9.524076659,0,0,-5.781392898,0,-3.272602299,0,4.005745603,0,0,-8.058729932,0,-6.312067531,2.537969801,4.160931373,0,0,0,1.989445091,5.746852523,0,0,0,0,2.12484907,0,2.683612166,0,0,2.46859136,0,0,0,0,0,3.023920739,0,0,0,0,0,0,0,0,0,0,0,0,0,0,0,0,0,0,0,0,0,0,0,0,0,0,0,0,0,0,0,0,0,0,0,0,0,0,0,0,0,0,0,0,0,0,0,0,0,0,0,0,0,0,0,0,0,0,0,0,0,0,0,0,0,0,0,0,0,0,0,0,0,0,0,0,0,0,0,0,0,0,0,0,0,0,0,0,0,0,0,0,0,0,0,0,0,0,0,0
0,0,1.58413228,-3.939105616,2.878147522,0,0,0,0,2.430210584,2.628482561,-1.260866192,0,0,-3.637310496,0,1.821660701,0,0,0,-4.142623914,1.60838322,0,0,0,0,0,0,0,0,0,0,-1.750126239,0,0,-3.943887893,0,0,-3.694804525,0,0,0,-2.514608168,0,0,1.411474522,1.704981385,0,0,0,0,3.46623327,0,-3.14963062,0,0,0,1.912252932,0,-1.96129357,-6.37708613,0,0,5.170471801,0,0,0,3.549365306,-2.69293572,0,-2.048727475,0,5.637582695,0,0,0,0,0,0,3.715680835,0,0,0,0,0,0,0,0,0,0,0,0,0,0,0,0,0,0,0,0,0,0,0,0,0,0,0,0,0,0,0,0,0,0,0,0,0,0,0,0,0,0,0,0,0,0,0,0,0,0,0,0,0,0,0,0,0,0,0,0,0,0,0,0,0,0,0,0,0,0,0,0,0,0,0,0,0,0,0,0,0,0,0,0,0,0,0,0,0,0,0,0,0,0,0,0,0,0,0,0
0,0,5.5737134,0,0,0,0,-5.444869258,-3.880365386,0,-6.704246442,-2.815218226,-3.075124431,-4.150569055,0,0,0,0,0,0,0,2.693435009,3.513333682,11.48350961,0,0,9.183973985,0,0,-4.368662338,0,0,0,0,0,0,11.62470803,11.99662008,13.83301494,-12.66869521,0,0,0,0,-6.259074286,0,-7.832027431,0,13.25441404,0,10.59776779,-6.975454837,0,-12.26305242,0,0,0,-4.600765372,0,0,9.774850673,0,0,0,0,7.767652271,0,-5.215839747,0,4.283019323,-10.88381823,4.247033299,9.412445923,0,-6.825334838,0,6.094819769,11.75798747,0,-10.65179339,0,0,0,0,0,0,0,0,0,0,0,0,0,0,0,0,0,0,0,0,0,0,0,0,0,0,0,0,0,0,0,0,0,0,0,0,0,0,0,0,0,0,0,0,0,0,0,0,0,0,0,0,0,0,0,0,0,0,0,0,0,0,0,0,0,0,0,0,0,0,0,0,0,0,0,0,0,0,0,0,0,0,0,0,0,0,0,0,0,0,0,0,0,0,0,0,0,0,0,0
3.570234909,0,0,0,-2.787686917,4.38581092,0,-2.299789698,0,0,0,2.067726983,-4.177735861,2.305506289,0,-6.505209264,2.173429724,2.536879499,0,0,-5.472332764,-1.577232763,-1.362397539,0,2.977383306,-2.996248092,-4.092682011,5.872098249,-4.291098993,6.063430913,0,-1.646294164,-3.62467585,0.886270354,0,-3.5221508,5.617523729,0,5.750844102,7.464708591,4.254717734,0,0,-1.983924655,4.219534998,-2.958420891,0,-3.520408524,0,-4.258791259,-2.34642238,3.207704364,-5.485346229,0,-12.25920989,2.527972278,-3.13408423,0,0,0,0,0,4.210810699,5.131512036,0,0,-2.521834658,2.982453579,4.791405928,-4.642418773,0,0,0,0,0,3.745899769,0,-2.885387635,0,0,0,0,0,0,0,0,0,0,0,0,0,0,0,0,0,0,0,0,0,0,0,0,0,0,0,0,0,0,0,0,0,0,0,0,0,0,0,0,0,0,0,0,0,0,0,0,0,0,0,0,0,0,0,0,0,0,0,0,0,0,0,0,0,0,0,0,0,0,0,0,0,0,0,0,0,0,0,0,0,0,0,0,0,0,0,0,0,0,0,0,0,0,0,0,0,0,0,0,0,0
0,-1.581421845,2.493826148,0,0,0,5.433177916,2.317786038,0,2.344595433,7.43769614,0,4.360023544,0,-3.141656706,0,0,-3.781141126,6.706507552,0,0,4.425698878,0,-3.27729736,0,0,-4.462937507,0,0,0,-2.513189742,-3.584180029,2.866625851,0,-7.895369847,0,8.339736502,0,-11.82437316,3.867367756,0,0,0,0,-3.87836143,-2.100036283,0,-7.464807717,0,4.688119682,-4.476780621,0,0,0,0,0,0,0,-8.661179152,0,0,3.966434756,3.247462801,0,0,-1.894573304,0,0,0,0,0,-3.283036531,-4.547423489,0,4.650410983,0,0,-9.185302875,6.787038318,3.957109508,0,0,0,0,0,0,0,0,0,0,0,0,0,0,0,0,0,0,0,0,0,0,0,0,0,0,0,0,0,0,0,0,0,0,0,0,0,0,0,0,0,0,0,0,0,0,0,0,0,0,0,0,0,0,0,0,0,0,0,0,0,0,0,0,0,0,0,0,0,0,0,0,0,0,0,0,0,0,0,0,0,0,0,0,0,0,0,0,0,0,0,0,0,0,0,0,0,0,0,0
0,0,-4.257391863,3.116762872,-2.346224174,12.34100578,7.558434074,-2.902655883,2.842749563,4.805333596,-4.159872638,0,-2.793344971,-3.339735477,0,0,0,0,0,7.699413125,0,-3.824863118,-1.912604363,0,4.7253944,0,4.29140441,0,-3.162261588,-4.711106453,-3.715628391,-5.230345636,0,1.091983209,-9.822734542,11.64826571,8.41620468,0,-6.091022656,0,7.143756208,0,5.469874468,0,0,0,0,-9.855322851,-5.106679158,8.081376531,3.405056639,-5.297762472,0,-4.151404991,-16.02316687,7.077242104,0,0,4.963806584,3.363262869,0,0,0,0,0,0,-1.746370413,0,0,0,7.876268149,-3.188064837,0,0,2.803439627,0,-7.980123984,0,4.493792978,-4.339666897,0,0,0,0,0,0,0,0,0,0,0,0,0,0,0,0,0,0,0,0,0,0,0,0,0,0,0,0,0,0,0,0,0,0,0,0,0,0,0,0,0,0,0,0,0,0,0,0,0,0,0,0,0,0,0,0,0,0,0,0,0,0,0,0,0,0,0,0,0,0,0,0,0,0,0,0,0,0,0,0,0,0,0,0,0,0,0,0,0,0,0,0,0,0,0,0,0,0,0,0
0,0,2.356196696,-3.090678378,-3.046404102,0,0,0,0,0,0,-3.506393726,2.000687185,5.4893244,0,0,0,0,-2.364192237,0,0,0,0,-4.044024907,0,3.026845549,0,3.374161612,0,0,0,2.023798156,0,0,0,0,0,-5.499392268,0,0,-2.405621993,2.367421073,-6.05235782,0,0,0,0,0,0,0,3.044937424,7.579051902,0,0,0,0,0,2.165276839,0,0,0,0,-4.531708751,0,0,2.658237454,0,1.836012741,0,0,0,-3.334420537,2.716509212,3.45192559,0,-3.291420528,2.540523708,7.391360114,-7.258396548,3.333572046,0,0,0,0,0,0,0,0,0,0,0,0,0,0,0,0,0,0,0,0,0,0,0,0,0,0,0,0,0,0,0,0,0,0,0,0,0,0,0,0,0,0,0,0,0,0,0,0,0,0,0,0,0,0,0,0,0,0,0,0,0,0,0,0,0,0,0,0,0,0,0,0,0,0,0,0,0,0,0,0,0,0,0,0,0,0,0,0,0,0,0,0,0,0,0,0,0,0,0,0
-12.84372503,3.264761586,0,0,0,-16.14241789,18.03744862,12.33836806,0,-8.44232902,6.938879144,3.73583084,9.146290051,-5.632347735,9.074407401,0,6.210640931,5.760849342,0,-13.00966294,-18.78665049,0,0,0,0,-11.13678508,0,-9.032763358,5.519449462,0,9.566302829,0,6.015262436,-5.706399498,0,-9.321602668,0,0,-10.6761443,0,5.922823922,-6.955138698,-9.291462037,8.880770845,0,0,3.255685948,-9.906007058,12.94218902,0,5.061240054,0,0,0,17.56984505,-8.300556194,0,6.306044713,0,0,0,0,0,-17.21570255,6.925646635,5.727771713,5.78941838,-7.192518035,0,0,-8.451134166,-6.447338657,0,0,-12.01493989,-8.725500363,0,0,8.989657391,0,0,0,0,0,0,0,0,0,0,0,0,0,0,0,0,0,0,0,0,0,0,0,0,0,0,0,0,0,0,0,0,0,0,0,0,0,0,0,0,0,0,0,0,0,0,0,0,0,0,0,0,0,0,0,0,0,0,0,0,0,0,0,0,0,0,0,0,0,0,0,0,0,0,0,0,0,0,0,0,0,0,0,0,0,0,0,0,0,0,0,0,0,0,0,0,0,0,0,0,0
30.16462644,0,0,27.60863675,0,0,0,0,-26.00310992,0,0,0,0,-37.92500829,18.3030638,0,0,-15.29508521,-23.04932732,0,0,0,0,-27.19001703,0,0,0,0,0,35.96396614,0,15.06869021,9.193059492,-5.014202151,0,20.32219227,0,0,0,0,0,36.26379205,0,21.86058251,0,-19.95539113,0,25.12798467,0,0,0,0,0,-25.8372319,0,-44.90145899,0,0,0,13.01826311,-15.8676535,0,0,0,11.05893862,0,11.46132294,13.194515,-20.25387734,26.19880013,0,0,18.97258479,0,18.38676203,0,18.86145859,-24.45052088,0,21.05982948,0,0,0,0,0,0,0,0,0,0,0,0,0,0,0,0,0,0,0,0,0,0,0,0,0,0,0,0,0,0,0,0,0,0,0,0,0,0,0,0,0,0,0,0,0,0,0,0,0,0,0,0,0,0,0,0,0,0,0,0,0,0,0,0,0,0,0,0,0,0,0,0,0,0,0,0,0,0,0,0,0,0,0,0,0,0,0,0,0,0,0,0,0,0,0,0,0,0,0,0
0,-1.266423419,0,0,0,-8.810999405,0,1.900346672,0,2.390010465,5.190125469,-3.087341416,1.634259952,0,0,0,0,0,0,2.604379433,-4.110913414,1.580135396,0,0,0,3.395924247,0,0,0,-3.087461505,0,1.626504827,-1.58559476,-0.821525627,0,0,-6.77566447,0,0,0,-2.228312519,0,-5.446625126,0,0,0,0,0,0,0,0,0,7.743678169,-3.643070005,11.01742239,1.552645452,0,1.755598945,0,0,-6.153403374,0,-2.500787659,0,0,1.974181773,0,0,-3.954778014,0,-2.728241671,0,2.397777288,0,0,-1.341394824,0,3.89900038,0,0,0,0,0,0,0,0,0,0,0,0,0,0,0,0,0,0,0,0,0,0,0,0,0,0,0,0,0,0,0,0,0,0,0,0,0,0,0,0,0,0,0,0,0,0,0,0,0,0,0,0,0,0,0,0,0,0,0,0,0,0,0,0,0,0,0,0,0,0,0,0,0,0,0,0,0,0,0,0,0,0,0,0,0,0,0,0,0,0,0,0,0,0,0,0,0,0,0,0,0,0
-4.519703584,3.078439656,1.756359921,-4.165233305,7.678123555,0,0,3.959992776,2.304309408,-3.190705718,0,0,0,0,0,-14.1493153,1.205445082,1.935481591,3.669134974,2.502917907,3.562108716,1.810980485,0,8.768542776,-6.105422696,2.958958691,-5.050768945,0,0,-6.133342547,2.036304026,0,2.553230062,-2.328384254,0,3.627504243,4.184717326,-6.84393674,0,-8.973084253,4.384438276,0,0,-3.360877387,0,-6.126790429,-1.31676461,0,0,-2.821962761,0,0,0,5.636326912,0,0,8.306060612,-3.675694258,0,0,0,-4.546532755,3.183068135,0,2.096928394,-4.617719194,0,-4.17950928,-7.689931113,0,0,7.022804327,0,0,0,0,1.800381256,2.528574538,0,-2.737912763,0,0,0,0,0,0,0,0,0,0,0,0,0,0,0,0,0,0,0,0,0,0,0,0,0,0,0,0,0,0,0,0,0,0,0,0,0,0,0,0,0,0,0,0,0,0,0,0,0,0,0,0,0,0,0,0,0,0,0,0,0,0,0,0,0,0,0,0,0,0,0,0,0,0,0,0,0,0,0,0,0,0,0,0,0,0,0,0,0,0,0,0,0,0,0,0,0,0,0,0
0,5.706999039,-3.032105046,4.478527904,0,0,5.956016426,0,0,-3.413775462,0,0,0,4.707284319,0,0,-2.641151401,0,-4.699131858,-4.969778758,-7.613645731,0,1.825852064,0,-11.72937025,-7.493653713,0,0,3.532137963,0,2.44823829,2.639329374,0,-3.552868941,10.44873603,-14.1264109,-14.01916555,0,0,0,0,-3.652077995,-4.777627248,7.809392414,0,4.150972245,1.831581279,13.62752519,6.654094376,0,0,0,7.090264339,0,0,-9.361659323,-8.071597096,0,9.364834663,0,0,0,-6.457918243,0,5.735651023,0,2.588068901,3.757317037,0,0,0,0,0,3.923589368,-4.480341127,-3.224706881,0,4.190214443,7.201377285,-6.739400816,0,0,0,0,0,0,0,0,0,0,0,0,0,0,0,0,0,0,0,0,0,0,0,0,0,0,0,0,0,0,0,0,0,0,0,0,0,0,0,0,0,0,0,0,0,0,0,0,0,0,0,0,0,0,0,0,0,0,0,0,0,0,0,0,0,0,0,0,0,0,0,0,0,0,0,0,0,0,0,0,0,0,0,0,0,0,0,0,0,0,0,0,0,0,0,0,0,0,0,0
0,1.719599754,0,0,0,0,0,0,0,-2.908956651,0,0,0,0,0,0,-1.964465867,0,4.297793567,0,0,2.066129375,-1.872250074,2.890020567,0,0,0,0,0,-4.361026858,0,0,0,-2.265804121,-3.292375922,0,4.635738103,3.947903766,0,3.602834551,-2.578538908,0,0,0,-3.250739448,0,2.125551401,-3.628175422,4.066731036,3.802941485,0,0,-4.676257075,0,0,0,-5.196355329,0,0,0,2.637262657,0,0,0,0,0,1.946436451,-3.127777234,0,-3.422479915,0,0,0,0,-1.695389055,0,2.554194063,0,0,0,0,0,0,0,0,0,0,0,0,0,0,0,0,0,0,0,0,0,0,0,0,0,0,0,0,0,0,0,0,0,0,0,0,0,0,0,0,0,0,0,0,0,0,0,0,0,0,0,0,0,0,0,0,0,0,0,0,0,0,0,0,0,0,0,0,0,0,0,0,0,0,0,0,0,0,0,0,0,0,0,0,0,0,0,0,0,0,0,0,0,0,0,0,0,0,0,0,0,0,0
0,0,-1.754544219,0,0,-4.09311084,-2.395386808,-1.794967142,0,0,4.900550545,-3.052061444,1.43865164,2.143383864,0,0,0,1.992291036,0,0,0,1.407694559,1.099039932,0,-3.703109792,3.867767635,0,0,1.252963439,0,-1.536607848,0,-1.645058844,0,3.666040074,0,0,0,-2.765769811,0,-1.549101118,3.852298515,-2.460163189,0,1.570532049,0,-1.413513481,-2.625191911,0,0,0,0,3.750489941,-6.297389564,0,-2.2968029,-4.216266572,2.352093948,0,0,-4.681334633,2.190354342,0,3.210735735,0,2.089415747,1.136978961,0,-1.600463662,-1.728995654,-3.186876692,0,4.032228006,0,0,-0.981435308,0,3.860823453,0,3.197048339,0,0,0,0,0,0,0,0,0,0,0,0,0,0,0,0,0,0,0,0,0,0,0,0,0,0,0,0,0,0,0,0,0,0,0,0,0,0,0,0,0,0,0,0,0,0,0,0,0,0,0,0,0,0,0,0,0,0,0,0,0,0,0,0,0,0,0,0,0,0,0,0,0,0,0,0,0,0,0,0,0,0,0,0,0,0,0,0,0,0,0,0,0,0,0,0,0,0,0,0
0,3.299301786,-2.032500988,3.54325821,0,0,0,-3.558799193,-1.771210077,3.194988446,0,-3.871121251,0,2.954189545,0,-6.572261071,-2.013085164,-3.47477897,0,0,4.18150912,0,0,0,0,3.138108308,0,0,0,-4.249597394,-1.701629328,-2.832678471,0,0.746128887,0,3.010954676,0,0,-3.843146504,0,0,4.736350752,-2.769308534,0,0,0,0,-5.752252157,0,0,0,0,0,-3.382270859,-6.475122503,2.975396317,4.832668803,0,4.945846483,0,0,0,2.023365582,4.669403854,0,0,1.876109857,2.535822341,-2.690379797,0,0,0,0,0,0,0,-3.249906229,3.359579182,-4.948014894,0,0,0,0,0,0,0,0,0,0,0,0,0,0,0,0,0,0,0,0,0,0,0,0,0,0,0,0,0,0,0,0,0,0,0,0,0,0,0,0,0,0,0,0,0,0,0,0,0,0,0,0,0,0,0,0,0,0,0,0,0,0,0,0,0,0,0,0,0,0,0,0,0,0,0,0,0,0,0,0,0,0,0,0,0,0,0,0,0,0,0,0,0,0,0,0,0,0,0,0,0
-3.170586901,0,-1.990891929,5.279059157,-4.172099676,4.650799352,4.885431696,-3.454203121,-1.720633812,2.613294605,0,1.606726382,-1.852647112,3.22989556,0,0,0,0,0,0,-6.071097478,0,-1.242677711,0,1.941898407,-6.451771836,0,0,-1.224210578,2.924422531,0,-2.015222593,1.310405106,1.471963912,0,-3.93397926,0,4.19894706,0,8.233160277,1.740819,-7.150866416,0,2.971725759,-2.565908677,0,0,-4.037724171,0,0,-2.24382411,0,0,0,0,2.249143198,3.033696362,0,7.723001215,0,0,-1.785212605,0,-4.397627547,0,0,0,1.855875131,1.599812808,-1.818941577,-2.392378974,-1.858936773,-2.97681376,4.53160032,-1.563499196,1.208186333,0,0,6.329219534,-6.383529106,0,0,0,0,0,0,0,0,0,0,0,0,0,0,0,0,0,0,0,0,0,0,0,0,0,0,0,0,0,0,0,0,0,0,0,0,0,0,0,0,0,0,0,0,0,0,0,0,0,0,0,0,0,0,0,0,0,0,0,0,0,0,0,0,0,0,0,0,0,0,0,0,0,0,0,0,0,0,0,0,0,0,0,0,0,0,0,0,0,0,0,0,0,0,0,0,0,0,0,0
-2.56220649,0.941694343,-1.548882502,0,0,1.172807773,2.057473899,1.045599128,1.170905217,-0.896265536,3.600865935,0,1.022379144,1.75300567,-2.071746177,0,0,3.088153762,0,0,0,0,-0.451061512,0,-2.051504414,0,0,0,2.080427072,0,-0.720747597,-1.170974842,0,0,0,0,-2.364241477,1.475689361,0,4.793022734,-1.639945901,-1.143412294,0,0,0,-1.10659836,-0.559347593,0,-1.730862456,0,0,2.881218886,-1.649892387,1.580759117,0,0,0,0,0,1.856238836,-2.136195693,2.434682771,1.75578014,-2.421675223,0.780271013,0,-0.796386247,0,-0.972617301,-2.54651595,1.156025222,-1.88750981,0,0,0,0,1.673451418,-1.921428738,0,0,0,0,0,0,0,0,0,0,0,0,0,0,0,0,0,0,0,0,0,0,0,0,0,0,0,0,0,0,0,0,0,0,0,0,0,0,0,0,0,0,0,0,0,0,0,0,0,0,0,0,0,0,0,0,0,0,0,0,0,0,0,0,0,0,0,0,0,0,0,0,0,0,0,0,0,0,0,0,0,0,0,0,0,0,0,0,0,0,0,0,0,0,0,0,0,0,0,0,0,0
-5.432982515,0,3.023785194,0,2.663111618,0,3.634251654,0,0,-4.986975445,0,0,0,-6.575473989,0,9.453588502,0,-2.767973126,0,0,0,0,0,3.462628469,0,7.251141864,-4.493382593,-8.171382882,0,-2.939344879,0,0,3.003248859,-4.225544465,-7.494405072,6.582575006,0,9.191226674,-7.703977331,0,0,8.788893444,5.603892562,0,0,-2.896090621,0,-6.296590369,5.182742588,3.573203702,4.304360753,0,0,-7.416010297,0,0,-4.775697819,0,-12.12112052,0,0,3.86264966,6.727070307,0,-2.395337557,0,2.943964255,-3.028315292,0,0,0,3.103347122,0,-3.378431747,0,0,0,0,5.35486799,4.638735637,0,0,0,0,0,0,0,0,0,0,0,0,0,0,0,0,0,0,0,0,0,0,0,0,0,0,0,0,0,0,0,0,0,0,0,0,0,0,0,0,0,0,0,0,0,0,0,0,0,0,0,0,0,0,0,0,0,0,0,0,0,0,0,0,0,0,0,0,0,0,0,0,0,0,0,0,0,0,0,0,0,0,0,0,0,0,0,0,0,0,0,0,0,0,0,0,0,0,0,0
0,1.673692604,-1.920241716,0,4.81756933,0,-3.144270341,-2.587390297,0,0,0,-2.50673686,0,0,2.527509824,0,0,0,2.769136146,0,0,3.601687236,0,0,0,3.174471054,-2.85196067,0,3.651119083,-6.443894696,0,0,0,-1.080365208,0,0,-6.19674688,0,3.929734632,0,0,4.279217634,0,0,0,0,-1.189977352,0,4.012828804,0,0,0,0,-3.929760354,0,0,0,0,0,0,0,0,0,0,0,0,0,1.818962115,-3.358897123,0,-4.029008453,0,0,0,0,0,0,6.058499234,0,-5.113299641,0,0,0,0,0,0,0,0,0,0,0,0,0,0,0,0,0,0,0,0,0,0,0,0,0,0,0,0,0,0,0,0,0,0,0,0,0,0,0,0,0,0,0,0,0,0,0,0,0,0,0,0,0,0,0,0,0,0,0,0,0,0,0,0,0,0,0,0,0,0,0,0,0,0,0,0,0,0,0,0,0,0,0,0,0,0,0,0,0,0,0,0,0,0,0,0,0,0,0,0
-14.46533226,2.512008365,0,6.345525106,3.475347815,-10.55837757,8.66074338,0,-4.504213651,0,0,4.423025906,0,0,15.60057866,22.08494032,0,0,0,0,0,2.721695333,0,8.188243663,0,0,-9.07519921,-11.7993085,0,0,3.448153652,0,0,-5.606211995,-12.53371533,0,0,0,12.99915632,-10.031559,-6.058901221,0,0,-7.21283392,0,-9.003600799,-6.286557083,-12.89892466,15.62858893,-5.134285164,0,0,0,0,25.81082552,5.753475407,0,0,0,0,0,4.369031222,0,0,-4.994840806,-6.837483984,4.434306255,-5.495089523,8.929563271,0,-4.637448843,0,-7.887059981,11.40474519,0,0,-11.22412725,0,14.65972507,-19.42773125,0,0,0,0,0,0,0,0,0,0,0,0,0,0,0,0,0,0,0,0,0,0,0,0,0,0,0,0,0,0,0,0,0,0,0,0,0,0,0,0,0,0,0,0,0,0,0,0,0,0,0,0,0,0,0,0,0,0,0,0,0,0,0,0,0,0,0,0,0,0,0,0,0,0,0,0,0,0,0,0,0,0,0,0,0,0,0,0,0,0,0,0,0,0,0,0,0,0,0,0
0,0,-3.033251975,0,-2.039623526,5.514864208,4.529963235,0,-2.431682293,1.843705037,0,1.830759076,0,-2.79552016,-5.839828615,0,0,2.507586142,0,0,-10.06892357,-1.265565843,-1.537541848,0,2.253033298,-3.956108229,2.561968885,0,-1.771171617,6.380837173,0,-4.748474286,2.902018668,1.577106217,0,0,7.0475156,6.527413551,-5.360438707,6.561330423,4.236444706,-3.084638296,0,4.213294,-2.55066016,-3.611695859,1.48827467,0,0,5.248389119,0,-11.72843268,0,-5.400494951,-5.782438062,0,0,0,0,0,-5.350492585,2.029695493,0,0,0,0,1.833021228,2.513063306,2.490820601,0,-4.266967451,0,4.106093178,0,-2.650633205,0,0,0,7.015091252,-2.776139991,0,0,0,0,0,0,0,0,0,0,0,0,0,0,0,0,0,0,0,0,0,0,0,0,0,0,0,0,0,0,0,0,0,0,0,0,0,0,0,0,0,0,0,0,0,0,0,0,0,0,0,0,0,0,0,0,0,0,0,0,0,0,0,0,0,0,0,0,0,0,0,0,0,0,0,0,0,0,0,0,0,0,0,0,0,0,0,0,0,0,0,0,0,0,0,0,0,0,0,0
-22.50699405,9.294767161,4.930746389,0,5.240738649,11.62406999,0,0,0,-6.460361677,-21.76931348,-4.322811209,0,0,-13.66565788,0,10.42493012,-13.50225282,6.472347208,11.94006946,-11.1858119,-10.29344397,0,0,5.874469743,13.25178905,0,0,0,0,11.85663543,0,9.429594428,-4.911877804,0,20.76724723,10.99946605,-10.73139811,-20.33299984,0,10.2677674,14.52812787,0,0,15.75161581,-7.869005067,3.410121435,0,0,0,0,21.04323112,0,0,-34.43140946,9.651862328,14.95716698,0,0,0,0,-9.128386352,12.27890259,11.71303889,0,-8.969443402,6.146282236,0,0,0,0,0,0,-6.181162592,5.931332415,0,0,0,-16.60931826,-11.92787582,0,0,0,0,0,0,0,0,0,0,0,0,0,0,0,0,0,0,0,0,0,0,0,0,0,0,0,0,0,0,0,0,0,0,0,0,0,0,0,0,0,0,0,0,0,0,0,0,0,0,0,0,0,0,0,0,0,0,0,0,0,0,0,0,0,0,0,0,0,0,0,0,0,0,0,0,0,0,0,0,0,0,0,0,0,0,0,0,0,0,0,0,0,0,0,0,0,0,0,0
-16.36890377,12.53321589,-6.787377956,-8.526173265,9.658206102,0,13.68499299,0,0,0,12.51632687,-16.11203198,9.39947395,8.565687152,-11.06677144,0,-12.51815017,13.46532026,0,0,30.50603466,11.06604322,0,9.980458479,-19.43051785,11.52519044,0,0,11.15761155,-18.02868563,-6.38503991,-10.7510018,-5.38933306,-4.051500095,-9.794914287,0,0,0,0,0,-12.35621852,12.86221493,0,-8.579425603,0,-8.587734269,-5.267678819,-17.20877745,22.2064176,0,10.31871747,-13.06856642,0,0,0,0,-15.63553671,0,0,0,0,0,0,0,8.536015769,7.669987696,7.151183012,-6.605797115,0,0,-9.514061299,0,16.54857358,0,8.717257468,-5.82790709,0,0,0,0,0,0,0,0,0,0,0,0,0,0,0,0,0,0,0,0,0,0,0,0,0,0,0,0,0,0,0,0,0,0,0,0,0,0,0,0,0,0,0,0,0,0,0,0,0,0,0,0,0,0,0,0,0,0,0,0,0,0,0,0,0,0,0,0,0,0,0,0,0,0,0,0,0,0,0,0,0,0,0,0,0,0,0,0,0,0,0,0,0,0,0,0,0,0,0,0,0,0,0,0
0,0,-8.512538732,0,4.842926352,9.453778292,0,-3.609619273,0,0,0,-3.357933825,6.042694274,0,-7.075769385,-17.19532126,-4.148073375,0,8.160026768,0,11.53511433,5.403823652,0,5.911855012,0,7.491407129,0,0,3.660167976,-6.394001603,-3.467515596,-10.14523443,4.21847809,0,0,0,13.38993783,0,-18.38250757,-11.11247067,5.653596304,9.679330096,6.631671904,4.34870754,0,0,-2.868939708,0,10.19987906,10.87369871,4.235118689,0,-8.420835979,0,-17.49916444,6.419188212,6.316883168,0,-16.24364806,0,0,0,6.51307681,12.46817717,0,0,0,0,-8.999296854,-5.366981145,0,0,10.43018723,-7.39905969,4.336275119,-4.12146029,5.508071313,0,0,0,0,0,0,0,0,0,0,0,0,0,0,0,0,0,0,0,0,0,0,0,0,0,0,0,0,0,0,0,0,0,0,0,0,0,0,0,0,0,0,0,0,0,0,0,0,0,0,0,0,0,0,0,0,0,0,0,0,0,0,0,0,0,0,0,0,0,0,0,0,0,0,0,0,0,0,0,0,0,0,0,0,0,0,0,0,0,0,0,0,0,0,0,0,0,0,0,0,0,0,0
0,0,0,0,14.17874699,0,0,0,0,0,15.01576986,-8.904033714,0,0,-9.324567414,0,-4.793375566,0,7.119680533,8.428161652,13.61754257,8.475359118,0,0,6.670742319,0,0,0,10.64700148,-23.45085981,4.889187503,-7.314862659,0,-3.123233931,0,16.40036501,0,-11.05042718,0,0,-8.910647144,0,0,0,0,0,0,0,9.411289864,12.54816825,0,0,0,0,0,5.59083911,-26.6460636,0,0,0,0,0,0,0,0,6.944503414,4.716637427,0,0,11.50433339,0,0,0,0,6.51186878,0,0,0,0,0,0,0,0,0,0,0,0,0,0,0,0,0,0,0,0,0,0,0,0,0,0,0,0,0,0,0,0,0,0,0,0,0,0,0,0,0,0,0,0,0,0,0,0,0,0,0,0,0,0,0,0,0,0,0,0,0,0,0,0,0,0,0,0,0,0,0,0,0,0,0,0,0,0,0,0,0,0,0,0,0,0,0,0,0,0,0,0,0,0,0,0,0,0,0,0,0,0,0,0,0
-4.21959558,2.117912294,1.482320122,-1.63039932,0,-2.155090099,1.730176557,-1.079806938,0,2.517714669,2.709613397,0,1.808084692,1.883918171,3.139089631,0,-1.390419757,2.689749325,0,0,2.928842209,1.881445333,0,3.552347014,0,1.351953156,-2.264757063,-3.297922107,0,-5.734915073,-1.727293663,1.408048546,-2.713837644,-0.912601116,0,-3.69944404,0,0,0,-2.090972692,0,0,0,0,0,0,-1.928547228,-6.610460514,1.465859172,0,-1.540438995,3.051229219,4.243146378,-3.96976328,3.915136701,1.113086435,2.049829451,2.470327193,4.276835591,-1.510584493,-1.810115415,0,0,0,0,0,0,-1.031411028,-3.465514882,-1.898093921,-2.247779528,-1.007347652,2.694412912,2.109484122,-1.493863977,0,-1.821838713,4.354635174,0,-2.18328166,0,0,0,0,0,0,0,0,0,0,0,0,0,0,0,0,0,0,0,0,0,0,0,0,0,0,0,0,0,0,0,0,0,0,0,0,0,0,0,0,0,0,0,0,0,0,0,0,0,0,0,0,0,0,0,0,0,0,0,0,0,0,0,0,0,0,0,0,0,0,0,0,0,0,0,0,0,0,0,0,0,0,0,0,0,0,0,0,0,0,0,0,0,0,0,0,0,0,0,0
0,4.935567137,0,0,0,10.42197666,7.335257389,0,9.446106476,-6.544527206,20.42236748,-5.486611028,-5.319062121,0,-15.65130303,-31.67499985,0,0,0,-10.15185002,0,0,0,0,0,0,12.72897099,0,0,0,5.390615237,-11.22314126,4.563399125,0,12.97236104,0,26.90303627,13.9132535,-30.01540996,31.2890597,11.23317848,8.587060247,0,0,0,0,5.058863417,-13.86502917,0,6.227579513,0,0,0,-14.95475798,-39.00097766,5.923510662,0,0,-13.34776909,0,-6.712397312,0,8.20561832,0,0,7.453384448,6.070889556,0,0,0,-8.450236497,0,0,-6.944499301,-5.600964932,0,0,0,-7.631887256,0,0,0,0,0,0,0,0,0,0,0,0,0,0,0,0,0,0,0,0,0,0,0,0,0,0,0,0,0,0,0,0,0,0,0,0,0,0,0,0,0,0,0,0,0,0,0,0,0,0,0,0,0,0,0,0,0,0,0,0,0,0,0,0,0,0,0,0,0,0,0,0,0,0,0,0,0,0,0,0,0,0,0,0,0,0,0,0,0,0,0,0,0,0,0,0,0,0,0,0,0
0,0,-3.544964985,7.283356282,0,4.879477148,8.289899089,-4.974151029,0,6.799267107,10.01013158,2.137844214,0,0,5.47087319,0,-2.999830373,0,7.467982175,0,-5.693019638,6.628266904,0,0,4.400016112,-5.162653634,0,-6.541509804,2.79587088,-6.451359116,-3.030539537,-5.528757686,0,0,-5.684884357,0,0,8.691664015,0,14.7623493,0,0,0,4.63353852,-5.678976973,0,-5.444723094,-16.3047889,0,4.976574455,-8.163845978,-6.706014741,0,-6.088395299,0,0,0,3.004453006,0,4.023551795,-7.525297791,7.794232641,3.689818228,0,0,0,0,4.955167081,0,3.929797676,-4.736040448,-4.115762719,-8.093069771,4.099467466,0,0,-6.987415546,0,15.74140752,-14.87621979,0,0,0,0,0,0,0,0,0,0,0,0,0,0,0,0,0,0,0,0,0,0,0,0,0,0,0,0,0,0,0,0,0,0,0,0,0,0,0,0,0,0,0,0,0,0,0,0,0,0,0,0,0,0,0,0,0,0,0,0,0,0,0,0,0,0,0,0,0,0,0,0,0,0,0,0,0,0,0,0,0,0,0,0,0,0,0,0,0,0,0,0,0,0,0,0,0,0,0,0
0,10.82307893,0,-10.1471263,13.66187516,0,0,0,14.12822577,0,0,-5.728054792,0,0,0,0,0,0,7.598543561,-7.294639766,0,0,0,11.97750888,-7.014024891,7.548637758,-14.60332819,0,0,0,-5.408206697,0,0,-2.829854488,0,0,0,18.08445409,0,0,0,14.88928663,11.11837419,0,9.215374508,0,0,0,0,0,0,0,0,-10.80014785,0,-6.603380699,0,0,0,0,0,0,0,0,0,0,0,0,0,0,0,0,0,-15.71684618,0,0,-6.683108093,0,0,0,0,0,0,0,0,0,0,0,0,0,0,0,0,0,0,0,0,0,0,0,0,0,0,0,0,0,0,0,0,0,0,0,0,0,0,0,0,0,0,0,0,0,0,0,0,0,0,0,0,0,0,0,0,0,0,0,0,0,0,0,0,0,0,0,0,0,0,0,0,0,0,0,0,0,0,0,0,0,0,0,0,0,0,0,0,0,0,0,0,0,0,0,0,0,0,0,0,0,0,0
0,7.721027526,0,0,13.74749854,0,0,0,0,0,0,-13.47384147,0,0,-32.26318032,0,11.73012157,-12.53751636,15.91501873,21.17203898,0,0,8.568331235,-26.38089358,0,7.668614019,0,0,18.51145484,-16.31809572,7.663790751,-14.04345001,12.38263466,0,12.10094913,26.10887652,0,26.42787669,0,-13.37029691,-16.39596783,0,0,0,-15.00087853,0,0,0,0,0,14.97671051,0,0,0,0,-6.549593107,0,0,0,0,-16.41638415,0,-10.06018249,0,10.4094078,0,6.280698439,0,0,0,0,-13.52670246,0,0,0,-6.269849575,10.50916231,0,17.17977704,-40.07748964,0,0,0,0,0,0,0,0,0,0,0,0,0,0,0,0,0,0,0,0,0,0,0,0,0,0,0,0,0,0,0,0,0,0,0,0,0,0,0,0,0,0,0,0,0,0,0,0,0,0,0,0,0,0,0,0,0,0,0,0,0,0,0,0,0,0,0,0,0,0,0,0,0,0,0,0,0,0,0,0,0,0,0,0,0,0,0,0,0,0,0,0,0,0,0,0,0,0,0,0
12.80072072,-1.348059375,0,0,0,0,-5.509543294,-2.212053788,0,5.272998354,0,-3.672515247,0,0,0,0,0,-3.127267503,0,3.992526606,0,0,-2.341487235,-3.183063162,8.444535518,4.819841569,0,0,-1.817414963,0,-3.066582426,-2.042897609,0,2.761702409,-3.548974115,4.218226464,0,0,-3.474503947,3.373329068,0,5.269901412,0,0,0,1.679548688,4.661910568,0,0,0,2.3264599,-6.751362856,0,-5.894203731,-6.469819354,3.568133032,0,1.501452885,0,0,-2.283861811,0,-2.96690492,0,-2.02425312,4.114901955,0,3.83501259,0,0,0,-3.491247217,0,-2.608583281,0,1.136752713,0,0,-6.145725309,0,0,0,0,0,0,0,0,0,0,0,0,0,0,0,0,0,0,0,0,0,0,0,0,0,0,0,0,0,0,0,0,0,0,0,0,0,0,0,0,0,0,0,0,0,0,0,0,0,0,0,0,0,0,0,0,0,0,0,0,0,0,0,0,0,0,0,0,0,0,0,0,0,0,0,0,0,0,0,0,0,0,0,0,0,0,0,0,0,0,0,0,0,0,0,0,0,0,0,0,0
-6.653737472,0,0,-4.63420363,0,0,0,0,0,0,0,-5.268947528,3.026342446,0,-8.9163914,0,0,5.217755362,2.70027236,7.101380508,0,0,0,3.420166341,0,3.427295616,0,0,4.12692165,0,0,-7.585991243,0,0,0,6.314758692,9.953779957,0,-6.720295911,0,0,6.151133306,-5.135240003,0,0,-2.663394026,0,-11.79156642,6.628207069,0,4.929613973,0,9.791825551,-5.65496523,0,0,-7.143590317,2.180482392,0,0,0,5.771585776,-2.791998795,0,0,4.05155259,1.654343687,-2.366500704,2.806840479,0,-3.408519534,-3.469047498,0,0,0,-2.516989625,-2.736167768,0,0,-4.59121847,0,0,0,0,0,0,0,0,0,0,0,0,0,0,0,0,0,0,0,0,0,0,0,0,0,0,0,0,0,0,0,0,0,0,0,0,0,0,0,0,0,0,0,0,0,0,0,0,0,0,0,0,0,0,0,0,0,0,0,0,0,0,0,0,0,0,0,0,0,0,0,0,0,0,0,0,0,0,0,0,0,0,0,0,0,0,0,0,0,0,0,0,0,0,0,0,0,0,0,0
-11.27389142,0,-4.115912702,-8.025363852,0,0,0,0,5.035597856,-3.581327593,-17.40786035,0,0,0,8.87691818,0,3.937299083,0,-8.103392349,-6.519732353,0,-6.852978614,0,6.428084529,0,0,5.805302048,0,0,0,4.963253671,0,3.333438985,3.700678897,6.422640832,0,0,-26.47628499,0,0,11.54435436,0,0,-11.19176444,13.3656002,0,2.575400842,-6.65578173,6.801417783,-10.17370871,0,7.893914499,0,24.70623988,0,0,0,0,0,4.425134644,14.76855073,-5.407839314,0,0,-3.562898261,-3.796974728,0,-5.120953237,8.402684182,11.67218367,0,0,-6.215723692,-11.76597066,3.382002054,-5.299971715,-6.211678714,0,0,0,0,0,0,0,0,0,0,0,0,0,0,0,0,0,0,0,0,0,0,0,0,0,0,0,0,0,0,0,0,0,0,0,0,0,0,0,0,0,0,0,0,0,0,0,0,0,0,0,0,0,0,0,0,0,0,0,0,0,0,0,0,0,0,0,0,0,0,0,0,0,0,0,0,0,0,0,0,0,0,0,0,0,0,0,0,0,0,0,0,0,0,0,0,0,0,0,0,0,0,0
0,-5.07762479,2.954965242,-11.46426142,-4.57109771,-7.226756032,0,0,0,0,-5.835153237,0,-2.291296501,0,0,0,4.07088818,0,0,0,0,-3.038312787,-2.377299905,0,4.188073715,0,0,12.32497157,-4.692539592,0,0,0,-4.441632354,1.694509011,6.289183952,0,10.49770693,0,-6.209317141,7.904397995,9.243201499,6.895701448,-4.236059584,0,4.623634666,0,0,0,0,-7.66793096,0,0,0,0,-15.45109541,0,0,0,0,-7.451663203,0,0,0,10.75209198,0,0,0,0,0,3.70237068,0,0,7.745718761,-5.802306813,-4.655164262,0,0,0,0,0,0,0,0,0,0,0,0,0,0,0,0,0,0,0,0,0,0,0,0,0,0,0,0,0,0,0,0,0,0,0,0,0,0,0,0,0,0,0,0,0,0,0,0,0,0,0,0,0,0,0,0,0,0,0,0,0,0,0,0,0,0,0,0,0,0,0,0,0,0,0,0,0,0,0,0,0,0,0,0,0,0,0,0,0,0,0,0,0,0,0,0,0,0,0,0,0,0,0,0,0
0,0,0,0,29.92063916,0,0,0,0,0,0,-9.604194788,0,0,0,0,0,0,22.34639893,0,18.47484845,10.98727175,0,0,-16.74210145,0,-38.69334449,0,0,0,0,0,0,-5.304149689,-21.78397334,0,0,0,0,0,0,37.13361745,0,-16.80783571,0,-21.27491541,0,-23.37105621,26.28856775,0,21.11860187,0,0,-19.57451987,0,0,0,0,0,0,0,0,0,-22.14771265,9.948877879,0,7.500578946,0,0,0,-17.97529638,0,0,0,16.92869928,0,0,0,0,18.08488628,0,0,0,0,0,0,0,0,0,0,0,0,0,0,0,0,0,0,0,0,0,0,0,0,0,0,0,0,0,0,0,0,0,0,0,0,0,0,0,0,0,0,0,0,0,0,0,0,0,0,0,0,0,0,0,0,0,0,0,0,0,0,0,0,0,0,0,0,0,0,0,0,0,0,0,0,0,0,0,0,0,0,0,0,0,0,0,0,0,0,0,0,0,0,0,0,0,0,0,0
0,0,5.201629589,0,5.755681533,-13.5527489,0,4.109492881,-5.350007963,0,5.33186065,-4.998156523,0,-9.708664563,0,-10.04621039,-3.267314979,0,0,0,6.653234464,0,0,6.231154231,0,6.595667326,0,0,0,-7.366194283,0,0,0,-3.15600026,0,0,0,0,0,-14.04522314,0,7.3320483,0,0,-6.264831014,0,-3.633832734,0,14.60050799,6.100057518,5.165654453,0,12.5140114,-9.467976814,0,0,0,0,0,0,5.678889953,0,-7.055052888,0,5.355633358,5.82712861,0,-5.548261106,-4.779422003,7.595228418,0,5.755390515,6.052514986,0,0,-2.281484765,6.10024698,0,0,0,0,0,0,0,0,0,0,0,0,0,0,0,0,0,0,0,0,0,0,0,0,0,0,0,0,0,0,0,0,0,0,0,0,0,0,0,0,0,0,0,0,0,0,0,0,0,0,0,0,0,0,0,0,0,0,0,0,0,0,0,0,0,0,0,0,0,0,0,0,0,0,0,0,0,0,0,0,0,0,0,0,0,0,0,0,0,0,0,0,0,0,0,0,0,0,0,0,0,0,0
0,5.556728241,0,9.920726281,0,0,0,0,-14.18155499,0,0,0,-6.577112481,-15.64524311,0,0,0,0,14.59786433,0,0,0,0,0,0,9.072250383,-12.32213313,0,-11.63525903,9.77606065,0,0,0,-6.930352751,0,0,0,0,-23.75062418,0,0,14.24772433,0,0,0,-10.64677811,0,0,10.92703745,10.06443539,12.98669757,0,0,-18.72986296,-32.52481576,20.33708674,0,0,-11.91066576,0,0,0,9.130987045,17.39258256,0,0,0,0,0,0,-7.756132577,14.75200499,11.68718907,12.45024466,0,4.526619918,0,0,0,0,0,0,0,0,0,0,0,0,0,0,0,0,0,0,0,0,0,0,0,0,0,0,0,0,0,0,0,0,0,0,0,0,0,0,0,0,0,0,0,0,0,0,0,0,0,0,0,0,0,0,0,0,0,0,0,0,0,0,0,0,0,0,0,0,0,0,0,0,0,0,0,0,0,0,0,0,0,0,0,0,0,0,0,0,0,0,0,0,0,0,0,0,0,0,0,0,0,0,0,0
0,10.17453859,0,0,10.23793044,0,14.97098155,0,0,0,34.82609764,0,14.92986987,0,22.52117922,0,0,-21.15264466,14.27212218,-17.23875065,0,0,0,0,0,14.68530857,-30.9754248,0,-18.10284292,0,0,0,8.886372125,-5.201579523,0,-26.35904174,43.11074405,0,0,0,0,16.21904299,37.21993674,15.47095506,21.48942455,0,0,-31.2034323,-16.86910247,0,0,0,0,-15.52618706,0,19.08457235,39.34291474,11.16351773,0,0,0,0,0,0,0,0,0,0,0,0,0,0,-17.12745166,0,0,0,-29.52437914,-35.57162864,0,0,0,0,0,0,0,0,0,0,0,0,0,0,0,0,0,0,0,0,0,0,0,0,0,0,0,0,0,0,0,0,0,0,0,0,0,0,0,0,0,0,0,0,0,0,0,0,0,0,0,0,0,0,0,0,0,0,0,0,0,0,0,0,0,0,0,0,0,0,0,0,0,0,0,0,0,0,0,0,0,0,0,0,0,0,0,0,0,0,0,0,0,0,0,0,0,0,0,0,0,0
0,0,0,0,0,0,0,2.687300431,0,0,0,0,3.25915382,0,-4.463948589,0,0,2.360118661,4.674262264,-3.239389471,4.935965245,0,0,2.987335932,2.772635446,2.938338252,0,0,-2.749198005,0,0,-2.768062535,0,1.68541166,0,5.966385812,16.04171749,0,-8.100621842,-7.055771554,0,6.446232108,0,0,0,0,-2.775272241,-11.41492825,7.867162936,0,0,0,7.316376296,-4.929392203,-8.548001646,6.76901358,0,0,-9.173640799,-3.736676127,5.302193243,0,0,0,0,0,-2.626362617,-3.586064018,3.418497339,0,0,-3.787268708,0,-2.644138453,2.253703239,-2.216356739,0,0,0,0,0,0,0,0,0,0,0,0,0,0,0,0,0,0,0,0,0,0,0,0,0,0,0,0,0,0,0,0,0,0,0,0,0,0,0,0,0,0,0,0,0,0,0,0,0,0,0,0,0,0,0,0,0,0,0,0,0,0,0,0,0,0,0,0,0,0,0,0,0,0,0,0,0,0,0,0,0,0,0,0,0,0,0,0,0,0,0,0,0,0,0,0,0,0,0,0,0,0,0,0
0,0,-6.589231947,0,0,4.087871085,0,-2.850263853,0,0,0,0,0,0,0,0,0,0,0,-2.961890723,9.321089627,0,0,3.083237826,-3.598637427,0,0,0,-2.161108124,0,-3.306054619,0,0,2.247783787,3.97773061,3.723828885,0,-3.792654094,-6.331226798,4.164368935,0,0,2.749150056,0,0,-1.802158761,-1.55841447,-12.87998714,0,0,3.023719522,0,0,0,0,0,0,1.648521524,0,6.02262471,0,0,0,0,0,0,0,-2.67695267,0,0,0,0,0,2.567761381,2.065296519,0,0,0,0,0,0,0,0,0,0,0,0,0,0,0,0,0,0,0,0,0,0,0,0,0,0,0,0,0,0,0,0,0,0,0,0,0,0,0,0,0,0,0,0,0,0,0,0,0,0,0,0,0,0,0,0,0,0,0,0,0,0,0,0,0,0,0,0,0,0,0,0,0,0,0,0,0,0,0,0,0,0,0,0,0,0,0,0,0,0,0,0,0,0,0,0,0,0,0,0,0,0,0,0,0
0,7.660100327,-2.965584527,0,7.468853842,0,0,4.032994047,-3.98618595,-7.035015017,0,-3.971508465,0,-10.28030777,-8.542464894,0,0,0,0,7.812636232,0,0,1.799575696,0,-7.653261727,3.544159363,0,-8.324768253,0,0,6.885013202,-5.356636929,0,-5.066826071,0,10.2109519,0,0,0,0,0,17.30470934,0,-3.8004754,8.202211463,-2.721831617,0,-5.752462714,7.551494026,0,4.416280732,0,11.21500005,-14.49034948,-12.50601933,0,-12.61670829,0,-5.203667608,0,-5.160913267,0,4.145327553,-7.047720991,6.998166744,0,2.383086032,-3.231999363,0,16.1851637,0,4.151531065,0,0,5.860072144,0,0,0,0,-6.075149437,0,0,0,0,0,0,0,0,0,0,0,0,0,0,0,0,0,0,0,0,0,0,0,0,0,0,0,0,0,0,0,0,0,0,0,0,0,0,0,0,0,0,0,0,0,0,0,0,0,0,0,0,0,0,0,0,0,0,0,0,0,0,0,0,0,0,0,0,0,0,0,0,0,0,0,0,0,0,0,0,0,0,0,0,0,0,0,0,0,0,0,0,0,0,0,0,0,0,0,0
0,1.491701132,-4.318412792,0,0,2.883440275,0,0,0,0,0,0,1.946530472,0,-5.322139904,0,-1.763087946,3.10144748,2.609520382,0,3.521780536,-1.699200854,0,0,-2.641354372,0,0,0,-1.53938093,0,0,-2.969233816,0,0.860516645,0,6.386449299,7.664474794,0,-6.966356949,0,0,2.889038594,0,0,2.970062931,-4.512554858,0,-7.765708948,0,2.291618134,2.775259871,-4.51464395,0,0,-5.500544042,0,0,0,-3.316512059,2.254763352,0,0,0,0,0,0,0,-1.943887467,0,0,0,0,0,0,2.103339169,0,0,-3.974839472,0,0,0,0,0,0,0,0,0,0,0,0,0,0,0,0,0,0,0,0,0,0,0,0,0,0,0,0,0,0,0,0,0,0,0,0,0,0,0,0,0,0,0,0,0,0,0,0,0,0,0,0,0,0,0,0,0,0,0,0,0,0,0,0,0,0,0,0,0,0,0,0,0,0,0,0,0,0,0,0,0,0,0,0,0,0,0,0,0,0,0,0,0,0,0,0,0,0,0,0,0,0
0,0,0,0,0,0,0,0,0,0,0,0,0,0,0,0,0,0,0,0,0,0,0,0,0,0,0,0,0,0,0,0,0,0,0,0,0,0,0,0,0,0,0,0,0,0,0,0,0,0,0,0,0,18.33160773,0,0,0,0,0,0,0,0,0,0,0,-15.03257851,13.15364547,0,0,14.51018648,11.82324958,0,0,0,0,0,0,0,0,0,0,0,0,0,0,0,0,0,0,0,0,0,0,0,0,0,0,0,0,0,0,0,0,0,0,0,0,0,0,0,0,0,0,0,0,0,0,0,0,0,0,0,0,0,0,0,0,0,0,0,0,0,0,0,0,0,0,0,0,0,0,0,0,0,0,0,0,0,0,0,0,0,0,0,0,0,0,0,0,0,0,0,0,0,0,0,0,0,0,0,0,0,0,0,0,0,0,0,0,0
0,0,0,0,0,0,0,0,0,0,0,0,0,0,0,0,0,0,0,0,0,0,0,0,0,0,0,0,0,0,0,0,0,0,0,0,0,0,0,0,0,0,0,0,0,0,-6.878481522,0,0,0,0,0,0,0,0,0,0,0,0,0,0,0,0,0,0,0,0,0,10.46828733,0,0,0,0,0,0,0,0,0,0,0,0,0,0,0,0,0,0,0,0,0,0,0,0,0,0,0,0,0,0,0,0,0,0,0,0,0,0,0,0,0,0,0,0,0,0,0,0,0,0,0,0,0,0,0,0,0,0,0,0,0,0,0,0,0,0,0,0,0,0,0,0,0,0,0,0,0,0,0,0,0,0,0,0,0,0,0,0,0,0,0,0,0,0,0,0,0,0,0,0,0,0,0,0,0,0,0,0,0,0,0
0,0,0,0,0,0,0,0,0,0,0,0,0,0,0,0,0,0,0,0,0,0,0,0,0,0,0,0,0,0,-0.458574525,0,0,0,0,0,0,0,0,0,0,0,0,0,0,0,0,0,0,0,0,0,0,0,0,0,0,0,0,0,0,0,-0.972221075,0,0,0,0,0,0,0,0,0.838905605,0,0,0,0,0,0,0,0,0,0,0,0,0,0,0,0,0,0,0,0,0,0,0,0,0,0,0,0,0,0,-4.01120135,0,0,0,0,0,0,0,0,0,0,0,0,0,0,0,0,0,0,0,0,0,0,0,0,0,0,0,0,0,0,0,0,0,0,0,0,0,0,0,0,0,0,0,0,0,0,0,0,0,0,0,0,0,0,0,0,0,0,0,0,0,0,0,0,0,0,0,0,0,0,0,0,0,0,0,0,0
0,0,0,0,0,0,0,0,0,0,0,0,0,0,0,0,0,0,0,0,0,0,0,0,0,0,0,0,0,0,0,0,-9.280039036,0,0,0,0,0,0,0,0,0,0,0,0,0,0,0,0,0,0,0,0,0,0,0,0,0,0,0,0,0,0,0,0,0,3.61371674,0,0,5.692177847,0,0,0,0,0,0,-8.644704237,0,0,0,0,0,0,0,0,0,0,0,0,0,0,0,0,0,0,0,0,0,0,0,0,0,19.95376415,0,0,0,0,0,0,0,0,0,0,0,0,0,0,0,0,0,0,0,0,0,0,0,0,0,0,0,0,0,0,0,0,0,0,0,0,0,0,0,0,0,0,0,0,0,0,0,0,0,0,0,0,0,0,0,0,0,0,0,0,0,0,0,0,0,0,0,0,0,0,0,0,0,0,0,0,0
0,0,0,0,0,0,0,0,0,0,0,0,0,0,0,0,0,0,0,0,0,0,0,0,0,0,0,0,0,0,-2.131757923,0,0,0,0,0,0,0,0,0,0,0,0,0,0,0,0,0,0,0,0,0,0,0,0,0,0,0,0,0,-5.548849486,0,0,0,0,0,-3.299333833,0,-5.312949571,4.665190591,0,0,0,0,0,-3.406418284,0,3.721603512,0,0,0,0,0,0,0,0,0,0,0,0,0,0,0,0,0,0,0,0,0,0,0,0,0,0,0,0,0,0,0,0,0,0,0,0,0,0,0,0,0,0,0,0,0,0,0,0,0,0,0,0,0,0,0,0,0,0,0,0,0,0,0,0,0,0,0,0,0,0,0,15.02925955,0,0,0,0,0,0,0,0,0,0,0,0,0,0,0,0,0,0,0,0,0,0,0,0,0,0,0,0,0,0
0,0,0,0,0,0,0,0,0,0,0,0,0,0,0,0,0,0,0,0,0,0,0,0,0,0,0,0,0,0,0,-18.44321696,12.74065001,0,0,0,0,0,0,0,0,23.38567798,0,0,0,0,0,0,0,0,0,0,0,-22.76382575,0,0,0,0,0,0,0,0,18.58977855,0,8.470130684,0,0,0,0,0,0,0,0,-22.61309976,0,0,0,0,0,0,0,0,0,0,0,0,0,0,0,0,0,0,0,0,0,0,0,0,0,0,0,0,0,0,0,0,0,0,0,0,0,0,0,0,0,0,0,0,0,0,0,0,0,0,0,0,0,0,0,0,0,0,0,0,0,0,0,0,0,0,0,0,0,0,0,0,0,0,0,0,0,0,0,0,0,0,0,0,0,0,0,0,0,0,0,0,0,0,0,0,0,0,0,0,0,0,0,0,0,0
0,0,0,0,0,0,0,0,0,0,0,0,0,0,0,0,0,0,0,0,0,0,0,0,0,0,0,0,0,0,0,0,0,0,0,0,0,0,0,0,0,0,0,0,0,0,0,0,0,0,0,0,0,0,0,0,0,0,0,0,0,0,0,0,0,0,0,0,0,0,0,0,0,0,0,-16.35324481,-21.01447047,0,0,33.61007949,0,0,0,0,0,0,0,0,0,0,0,0,0,0,0,0,0,0,0,0,0,0,0,0,0,0,0,0,0,0,0,0,0,0,0,0,0,0,0,0,0,0,0,0,0,0,0,0,0,0,0,0,0,0,0,0,0,0,0,0,0,0,0,0,0,0,0,0,0,0,0,0,0,0,0,0,0,0,0,0,0,0,0,0,0,0,0,0,0,0,0,0,0,0,0,0,0,0,0,0
0,0,0,0,0,0,0,0,0,0,0,0,0,0,0,0,0,0,0,0,0,0,0,0,0,0,0,0,0,0,0,0,0,0,0,0,0,0,0,0,0,0,0,0,0,0,0,0,0,20.34678335,0,0,0,0,0,0,0,14.39116585,0,0,-13.14148925,0,0,0,0,0,0,14.11694067,0,0,0,0,0,0,0,0,-15.14059676,0,0,0,0,0,0,0,0,0,0,0,0,0,0,0,0,0,0,0,0,0,0,0,0,0,0,0,0,0,0,0,0,0,0,0,0,0,0,0,0,0,0,0,0,0,0,0,0,0,0,0,0,0,0,0,0,0,0,0,0,0,0,0,0,0,0,0,0,0,0,0,0,0,0,0,0,0,0,0,0,0,0,0,0,0,0,0,0,0,0,0,0,0,0,0,0,0,0,0,0,0,0,0
0,0,0,0,0,0,0,0,0,0,0,0,0,0,0,0,0,0,0,0,0,0,0,0,0,0,0,0,0,0,0,0,0,-6.486013893,0,0,0,0,0,0,0,0,0,0,0,0,0,0,0,0,0,0,0,0,0,0,0,0,0,0,0,0,0,0,0,0,0,0,0,0,0,0,0,0,0,0,0,0,0,0,0,0,0,0,0,0,0,0,0,0,0,0,0,0,0,0,0,0,0,0,0,0,0,0,0,0,0,0,0,0,0,0,0,0,0,0,0,0,0,0,0,0,0,0,0,0,0,0,0,0,0,0,0,0,0,0,0,0,0,0,0,0,0,0,0,0,0,0,0,0,0,0,0,0,0,0,0,0,0,0,0,0,0,0,0,0,0,0,0,0,0,0,0,0,0,0,0,0,0,0
0,0,0,0,0,0,0,0,0,0,0,0,0,0,0,0,0,0,0,0,0,0,0,0,0,0,0,0,0,0,0,0,0,1.431460468,0,0,0,0,0,0,0,0,0,0,0,0,0,0,0,0,0,0,0,0,0,0,0,0,0,0,0,0,0,0,0,0,-1.943131643,0,0,0,0,0,0,0,0,0,0,0,0,0,0,0,0,0,0,0,0,0,0,0,0,0,0,0,0,0,0,0,0,0,0,0,0,0,0,0,0,0,0,0,0,0,0,0,0,0,0,0,0,0,0,0,0,0,0,0,0,0,0,0,0,0,0,0,0,0,0,0,0,0,0,0,0,0,0,0,0,0,0,0,0,0,0,0,0,0,0,0,0,0,0,0,0,0,0,0,0,0,0,0,0,0,0,0,0,0,0,0,0,0
0,0,0,0,0,0,0,0,0,0,0,0,0,0,0,0,0,0,0,0,0,0,0,0,0,0,0,0,0,0,0,0,0,-3.228211076,0,0,0,0,0,0,0,0,0,0,7.408861497,7.948293493,4.731607724,0,0,-9.14301791,0,0,-12.53210001,0,0,-10.0567906,0,0,0,0,0,0,6.832759774,0,0,-5.420117519,5.617467882,-4.248436354,0,8.027377109,7.324295215,0,0,0,-7.415973358,0,0,0,0,0,0,0,0,0,0,0,0,0,0,0,0,0,0,0,0,0,0,0,0,0,0,0,0,0,0,0,0,0,0,0,0,0,0,0,0,0,0,0,0,0,0,0,0,0,0,0,0,0,0,0,0,0,0,0,0,0,0,0,0,0,0,0,0,0,0,0,0,0,0,0,0,0,0,0,0,0,0,0,0,0,0,0,0,0,0,0,0,0,0,0,0,0,0,0,0,0,0,0,0,0
0,0,0,0,0,0,0,0,0,0,0,0,0,0,0,0,0,0,0,0,0,0,0,0,0,0,0,0,0,0,4.508972009,0,0,-3.821727319,0,0,0,0,0,0,0,0,0,0,0,0,0,0,0,-13.46938731,0,0,0,0,0,0,0,0,0,0,0,0,0,0,0,0,0,0,0,0,0,0,0,0,0,0,0,0,0,0,0,0,0,0,0,0,0,0,0,0,0,0,0,0,0,0,0,0,0,0,0,0,0,0,0,0,0,0,0,0,0,0,0,0,0,0,0,0,0,0,0,0,0,0,0,0,0,0,0,0,0,0,0,0,0,0,0,0,0,0,0,0,0,0,0,0,0,0,0,0,0,0,0,0,0,0,0,0,0,0,0,0,0,0,0,0,0,0,0,0,0,0,0,0,0,0,0,0,0,0
0,0,0,0,0,0,0,0,0,0,0,0,0,0,0,0,0,0,0,0,0,0,0,0,0,0,0,0,0,0,0,0,12.33730735,-11.48067475,-19.74898296,-24.75660701,0,0,0,0,0,0,0,0,0,-25.4027776,0,0,0,0,0,0,0,0,0,26.04217529,0,0,0,0,0,0,0,0,0,0,0,-16.03372008,0,0,0,0,0,21.95982692,0,-17.14025625,0,0,0,0,61.44812839,0,0,0,0,0,0,0,0,0,0,0,0,0,0,0,0,0,0,0,0,0,0,0,0,0,0,0,0,0,0,0,0,0,0,0,0,0,0,0,0,0,0,0,0,0,0,0,0,0,0,0,0,0,0,0,0,0,0,0,0,0,0,0,0,0,0,0,0,0,0,0,0,0,0,0,0,0,0,0,0,0,0,0,0,0,0,0,0,0,0,0,0,0,0,0,0,0,0,0
0,0,0,0,0,0,0,0,0,0,0,0,0,0,0,0,0,0,0,0,0,0,0,0,0,0,0,0,0,0,0,0,0,0,0,0,0,0,0,0,0,0,0,0,0,16.15265328,0,0,0,0,-11.30938398,30.32467545,0,0,0,0,0,13.21196121,0,0,10.33327837,0,0,0,0,0,0,0,0,0,0,0,0,0,0,-5.732493831,0,0,-19.12898992,0,29.13150392,0,0,0,0,0,0,0,0,0,0,0,0,0,0,0,0,0,0,0,0,0,0,0,0,0,0,0,0,0,0,0,0,0,0,0,0,0,0,0,0,0,0,0,0,0,0,0,0,0,0,0,0,0,0,0,0,0,0,0,0,0,0,0,0,0,0,0,0,0,0,0,0,0,0,0,0,0,0,0,0,0,0,0,0,0,0,0,0,0,0,0,0,0,0,0,0,0,0,0
0,0,0,0,0,0,0,0,0,0,0,0,0,0,0,0,0,0,0,0,0,0,0,0,0,0,0,0,0,0,0,0,0,1.614114924,0,0,0,0,0,-5.671167974,0,0,0,0,0,0,0,0,0,4.345460785,0,0,0,0,0,0,0,0,0,0,0,0,0,0,0,-3.205898064,0,0,0,0,4.746295767,0,0,0,0,0,0,0,0,0,0,0,0,0,0,0,0,0,0,0,0,0,-7.75629418,0,0,0,0,0,0,0,0,0,0,0,0,0,0,0,0,0,0,0,0,0,0,0,0,0,0,0,0,0,0,0,0,0,0,0,0,0,0,0,0,0,0,0,0,0,0,0,0,0,0,0,0,0,0,0,0,0,0,0,0,0,13.67500245,0,0,0,0,0,0,0,0,0,0,0,0,0,0,0,0,0,0,0,0,0,0,0,0,0
0,0,0,0,0,0,0,0,0,0,0,0,0,0,0,0,0,0,0,0,0,0,0,0,0,0,0,0,0,0,0,0,-6.437290682,0,0,0,0,0,0,0,0,0,-8.537739166,0,0,0,0,0,0,0,0,0,0,0,0,0,0,5.643156073,0,0,0,0,0,0,0,0,0,5.942424037,0,0,0,0,0,0,0,0,0,11.63756967,0,-8.251396921,0,0,0,0,0,0,0,0,0,0,0,0,0,0,0,0,0,0,0,0,0,0,0,0,0,0,0,0,0,0,0,0,0,0,0,0,0,0,0,0,0,0,0,0,0,0,0,0,0,0,0,0,0,0,0,0,0,0,0,0,0,0,0,0,0,0,0,0,0,0,0,0,0,0,0,0,0,0,0,0,0,0,0,0,0,0,0,0,0,0,0,0,0,0,0,0,0,0,0,0
0,0,0,0,0,0,0,0,0,0,0,0,0,0,0,0,0,0,0,0,0,0,0,0,0,0,0,0,0,0,-6.707949785,0,0,0,0,0,0,0,0,0,0,0,0,0,0,0,0,0,0,0,0,0,0,0,0,0,0,0,0,0,0,0,13.0281491,0,0,0,0,9.050429794,0,0,0,0,0,0,0,0,0,0,0,0,0,0,0,0,0,0,0,0,0,0,0,0,0,0,0,0,0,0,0,0,0,0,0,0,0,0,0,0,0,0,0,0,0,0,0,0,0,0,0,0,0,0,0,0,0,0,0,0,0,0,0,0,0,0,0,0,0,0,0,40.03371287,0,0,0,0,0,0,0,0,0,0,0,0,0,0,0,0,0,0,0,0,0,0,0,0,0,0,0,0,0,0,0,0,0,0,0,0,0,0,0,0
0,0,0,0,0,0,0,0,0,0,0,0,0,0,0,0,0,0,0,0,0,0,0,0,0,0,0,0,0,0,-2.210938895,0,0,1.257145392,2.942133861,0,0,0,0,0,0,0,0,0,0,0,-1.45710546,0,-4.616316006,0,0,0,0,0,0,0,0,0,0,0,-2.700802797,0,0,0,-1.379030378,1.575527606,-1.399129241,-1.733428168,0,0,0,1.315502291,0,0,0,-1.371467546,0,0,0,0,0,0,0,0,0,0,0,0,0,0,0,0,0,0,0,0,0,0,0,0,0,0,0,0,0,0,0,0,0,0,0,0,0,0,0,0,0,0,0,0,0,0,0,0,0,0,0,0,0,0,0,0,0,0,0,0,0,7.26345734,0,0,0,0,0,0,7.518999804,0,0,0,0,0,0,0,0,0,0,0,0,0,0,0,0,0,0,0,0,0,0,0,0,0,0,0,0,0,7.390001919,0,0,0,0,0
0,0,0,0,0,0,0,0,0,0,0,0,0,0,0,0,0,0,0,0,0,0,0,0,0,0,0,0,0,0,0,0,0,0,0,0,0,0,0,0,0,0,0,0,0,0,-1.255302035,3.259421465,0,0,0,0,0,0,0,0,0,-2.572451429,0,0,2.095913191,0,0,0,0,0,0,0,0,0,0,-1.555444164,0,0,0,0,0,0,0,0,0,0,0,0,0,0,0,0,0,0,0,0,0,0,0,0,0,0,0,0,0,0,0,0,0,0,0,0,0,0,0,7.289431134,0,0,0,0,0,0,0,0,0,0,0,0,0,0,0,0,0,0,0,0,0,0,0,0,0,5.179890228,0,0,0,0,0,0,0,0,0,-7.723480578,0,0,0,0,0,0,0,0,0,0,0,0,0,0,0,0,0,0,0,0,0,0,0,0,0,0,0,0,0,0,0,0
0,0,0,0,0,0,0,0,0,0,0,0,0,0,0,0,0,0,0,0,0,0,0,0,0,0,0,0,0,0,0,0,-1.165559493,0,0,0,0,0,0,0,0,0,0,0,0,0,0,0,0,0,0,0,0,0,1.441627077,0,0,0,-0.945554858,0,0,0,0,0,0,0,0,0,0,0,0,0,0,0,0,0,0,0,0,0,0,0,0,0,0,0,0,0,0,0,0,0,0,0,0,0,0,0,0,0,0,0,0,0,0,0,0,0,0,0,0,2.413663287,0,0,0,4.943516324,0,0,0,0,0,0,0,0,0,0,0,0,0,0,0,0,0,0,0,0,0,-1.550025248,0,0,0,0,0,0,0,0,0,2.794272715,0,0,0,0,0,0,0,0,0,0,0,0,0,0,0,0,0,0,0,0,0,0,0,0,0,0,0,-4.413718911,0,0,0,0
0,0,0,0,0,0,0,0,0,0,0,0,0,0,0,0,0,0,0,0,0,0,0,0,0,0,0,0,0,0,-6.358480179,0,8.411271146,3.816410882,0,0,0,0,0,0,0,0,0,0,0,13.8436801,-4.926895296,0,0,0,-9.418475744,0,0,0,0,0,0,4.365891371,0,0,0,0,0,0,0,5.502585784,0,0,0,0,0,0,0,0,0,0,0,0,-8.663618879,0,0,0,0,0,0,0,0,0,0,0,0,0,0,0,0,0,0,0,0,0,0,0,0,0,0,0,0,0,0,0,0,0,0,0,0,0,0,0,0,0,0,0,0,0,0,0,0,0,0,0,0,0,0,0,0,0,0,0,0,0,0,0,0,0,0,0,0,0,0,0,0,0,0,0,0,0,0,0,0,0,0,0,0,0,0,0,0,0,0,0,0,0,0,0,0,0,0,0,0,0
0,0,0,0,0,0,0,0,0,0,0,0,0,0,0,0,0,0,0,0,0,0,0,0,0,0,0,0,0,0,8.81168513,0,0,-8.755157127,0,0,0,0,0,0,0,0,0,0,0,0,0,0,0,0,0,0,0,0,0,0,0,0,0,0,0,-13.73423672,0,0,0,0,0,0,0,0,0,0,0,0,0,0,0,0,0,0,0,0,0,0,0,0,0,0,0,0,0,0,0,0,0,0,0,0,0,0,0,0,0,0,0,0,0,0,0,0,0,0,0,0,0,0,0,0,0,0,0,0,0,0,0,0,0,0,0,0,0,0,0,0,0,0,0,0,0,0,0,0,0,0,0,0,0,0,0,0,0,0,0,0,0,0,0,0,0,0,0,0,0,0,0,0,0,0,0,0,0,0,0,0,0,0,0,0,0,0
0,0,0,0,0,0,0,0,0,0,0,0,0,0,0,0,0,0,0,0,0,0,0,0,0,0,0,0,0,0,8.136676422,0,15.41927505,0,0,0,0,0,0,0,0,0,0,0,0,0,0,0,0,0,0,0,0,0,0,0,0,0,0,0,0,0,0,0,0,0,0,0,0,0,0,0,0,0,0,0,0,0,-23.79409531,-16.90687717,0,0,0,0,0,0,0,0,0,0,0,0,0,0,0,0,0,0,0,0,0,0,0,0,0,0,0,0,0,0,0,0,0,0,0,0,0,0,0,0,0,0,0,0,0,0,0,0,0,0,0,0,0,0,0,0,0,0,0,0,0,0,0,0,0,0,0,0,0,0,0,0,0,0,0,0,0,0,0,0,0,0,0,0,0,0,0,0,0,0,0,0,0,0,0,0,0,0,0,0
0,0,0,0,0,0,0,0,0,0,0,0,0,0,0,0,0,0,0,0,0,0,0,0,0,0,0,0,0,0,-4.404593638,0,0,-3.425595889,0,0,0,0,0,0,0,0,0,0,0,0,0,0,0,0,0,0,-13.07028987,0,0,0,0,0,0,0,0,0,0,0,0,0,0,0,0,0,0,0,0,0,0,-3.889277848,0,0,9.357989458,0,0,0,0,0,0,0,0,0,0,0,0,0,0,0,0,0,0,0,0,0,0,0,0,0,0,0,0,0,0,0,0,0,0,0,0,0,0,0,0,0,0,0,0,0,0,0,0,0,0,0,0,0,0,0,0,0,0,0,0,0,0,0,0,0,0,0,0,0,0,0,0,0,0,0,0,0,0,0,0,0,0,0,0,0,0,0,0,0,0,0,0,0,0,0,0,0,0,0,0,0
0,0,0,0,0,0,0,0,0,0,0,0,0,0,0,0,0,0,0,0,0,0,0,0,0,0,0,0,0,0,0,0,0,0,0,0,0,0,0,0,0,0,0,0,0,3.889707343,0,0,0,0,5.081068002,0,0,0,0,0,0,0,0,0,0,0,-4.380256224,0,3.277957416,0,0,0,0,4.525559929,4.352006291,0,0,0,-4.510398085,-3.929208984,0,0,0,0,11.54424121,0,0,0,0,0,0,0,0,0,0,0,0,0,0,0,0,0,0,0,0,0,0,0,0,0,0,0,0,0,0,0,0,0,0,0,0,0,0,0,0,0,0,0,0,0,0,0,0,0,0,0,0,0,0,0,0,0,0,0,0,0,0,0,0,0,0,0,0,0,0,0,0,0,0,0,0,0,0,0,0,0,0,0,0,0,0,0,0,0,0,0,0,0,0,0,0,0,0,0
0,0,0,0,0,0,0,0,0,0,0,0,0,0,0,0,0,0,0,0,0,0,0,0,0,0,0,0,0,0,13.99793254,-22.70978594,-8.065232547,0,0,0,0,0,0,0,0,0,-14.29198892,0,0,-9.104849974,0,0,0,0,0,0,0,0,0,0,0,0,0,0,0,0,0,0,0,0,7.43735833,0,13.58872889,0,-15.25562319,0,0,0,0,7.552310755,0,0,0,0,0,0,0,0,0,0,0,0,0,0,0,0,0,0,0,0,0,0,0,0,0,0,0,0,0,0,0,0,0,0,0,0,0,0,0,0,0,0,0,0,0,0,0,0,0,0,0,0,0,0,0,0,0,0,0,0,0,0,0,0,0,0,0,0,0,0,0,0,0,0,0,0,0,0,0,0,0,0,0,0,0,0,0,0,0,0,0,0,0,0,0,0,0,0,0,0,0,0,0,0
0,0,0,0,0,0,0,0,0,0,0,0,0,0,0,0,0,0,0,0,0,0,0,0,0,0,0,0,0,0,0,0,0,0,0,0,0,0,0,0,0,0,0,0,0,0,0,0,0,0,0,0,0,0,0,-16.95010733,0,-7.314868716,0,0,0,0,0,0,0,0,0,10.00325765,0,0,0,0,0,0,0,0,0,0,0,0,0,0,0,0,0,0,0,0,0,0,0,0,0,0,0,0,0,0,0,0,0,0,0,0,0,0,0,0,0,0,0,0,0,0,0,0,0,0,0,0,0,0,0,0,0,0,0,0,0,0,0,0,0,0,0,0,0,0,0,0,0,0,0,0,0,0,0,0,0,0,0,0,0,0,0,0,0,0,0,0,0,0,0,0,0,0,0,0,0,0,0,0,0,0,0,0,0,0,0,0
0,0,0,0,0,0,0,0,0,0,0,0,0,0,0,0,0,0,0,0,0,0,0,0,0,0,0,0,0,0,0,0,0,0,0,0,0,0,0,0,0,0,0,0,0,0,0,0,0,0,0,0,0,0,0,0,0,0,0,0,0,0,0,0,0,0,0,0,0,0,0,0,0,0,0,0,0,0,0,0,0,0,0,0,0,0,0,0,0,0,0,0,0,0,0,0,0,0,0,0,0,0,0,0,0,0,0,0,0,0,0,0,0,0,0,0,0,0,0,0,0,0,0,0,0,0,0,0,0,0,0,0,0,0,0,0,0,0,0,0,0,0,0,0,0,0,0,0,0,0,0,0,0,0,0,0,0,0,0,0,0,0,0,0,0,0,0,0,0,0,0,0,0,0,0,0,0,0,0,0
0,0,0,0,0,0,0,0,0,0,0,0,0,0,0,0,0,0,0,0,0,0,0,0,0,0,0,0,0,0,0,-5.209079966,0,2.046412502,0,0,0,0,0,0,5.490853776,0,0,-5.821167638,0,0,0,0,0,0,0,0,-8.24809645,0,0,6.102583911,0,2.937155998,0,0,0,0,4.636957678,-8.321951763,0,0,-3.941262338,0,0,0,0,0,0,0,0,-2.660005994,0,0,0,0,0,0,0,0,0,0,0,0,0,0,-33.77376161,0,0,0,0,0,0,0,0,0,0,0,0,0,0,0,0,0,0,0,0,0,0,0,0,0,0,0,0,0,0,0,0,0,0,0,0,0,0,0,0,0,0,0,0,0,0,0,0,0,0,0,0,0,0,0,0,0,0,0,0,0,0,0,0,0,0,0,0,0,0,0,0,0,0,0,0,0,0,0,0,0,0,0,0,0,0,0,0,0
0,0,0,0,0,0,0,0,0,0,0,0,0,0,0,0,0,0,0,0,0,0,0,0,0,0,0,0,0,0,0,0,0,-6.036837406,0,0,0,0,0,0,0,0,0,0,0,0,0,0,0,0,0,0,0,0,0,0,0,0,0,0,0,0,0,0,0,0,0,0,0,0,0,0,0,0,0,0,0,0,0,0,0,0,0,0,0,0,0,0,0,0,0,0,0,0,0,0,0,0,0,0,0,0,0,0,0,0,0,0,0,0,0,0,0,0,0,0,0,0,0,0,0,0,0,0,0,0,0,0,0,0,0,0,0,0,0,0,0,0,0,0,0,0,0,0,0,0,0,0,0,0,0,0,0,0,0,0,0,0,0,0,0,0,0,0,0,0,0,0,0,0,0,0,0,0,0,0,0,0,0,0
0,0,0,0,0,0,0,0,0,0,0,0,0,0,0,0,0,0,0,0,0,0,0,0,0,0,0,0,0,0,-3.800987112,12.09541841,0,0,7.401847583,12.5313853,0,0,0,-14.26213148,0,0,0,0,0,0,0,0,-14.31517139,0,0,0,0,0,0,0,0,4.646627414,0,0,0,-8.294866327,0,0,0,0,0,0,7.987480563,0,0,-6.172386145,0,0,0,0,0,0,0,0,0,0,0,0,0,0,0,0,0,0,0,0,0,0,0,0,0,0,0,0,0,0,0,0,0,0,0,0,0,0,0,0,0,0,0,0,0,0,0,0,0,0,0,0,0,0,0,0,0,0,0,0,0,0,0,0,0,0,0,0,0,0,0,0,0,0,0,0,0,0,-26.08044981,0,0,0,0,0,0,0,0,0,0,0,0,0,0,0,0,0,0,0,0,0,0,0,0,33.16855757,0,0,0,0
0,0,0,0,0,0,0,0,0,0,0,0,0,0,0,0,0,0,0,0,0,0,0,0,0,0,0,0,0,0,0,-13.38780402,0,0,0,0,0,0,0,0,0,0,0,0,0,0,0,0,0,0,0,0,0,0,0,18.26022489,0,-12.72907357,0,0,0,0,0,0,0,0,0,0,0,9.940035876,0,0,0,0,7.961316813,0,0,0,16.70964818,0,0,0,0,0,0,0,0,0,0,0,0,0,0,0,0,0,0,0,0,0,0,0,0,0,0,0,0,0,0,0,0,0,0,0,0,0,0,0,0,0,0,0,0,0,0,0,0,0,0,0,0,0,0,0,0,0,0,0,0,0,0,0,0,0,0,0,0,0,0,0,0,0,0,0,0,0,0,0,0,0,0,0,0,0,0,0,0,0,0,0,0,0,0,0,0,0,0,0,0,0
0,0,0,0,0,0,0,0,0,0,0,0,0,0,0,0,0,0,0,0,0,0,0,0,0,0,0,0,0,0,0,0,0,0,0,0,0,0,0,0,0,0,0,0,0,0,0,0,0,0,0,0,0,0,0,0,0,0,0,0,0,0,0,0,0,0,0,0,0,0,0,0,0,0,0,0,0,0,0,0,0,0,0,0,0,0,0,0,0,0,0,0,0,0,0,0,0,0,0,0,0,0,0,0,0,0,0,0,0,0,0,0,0,0,0,0,0,0,0,0,0,0,0,0,0,0,0,0,0,0,0,0,0,0,0,0,0,0,0,0,0,0,0,0,0,0,0,0,0,0,0,0,0,0,0,0,0,0,0,0,0,0,0,0,0,0,0,0,0,0,0,0,0,0,0,0,0,0,0,0
0,0,0,0,0,0,0,0,0,0,0,0,0,0,0,0,0,0,0,0,0,0,0,0,0,0,0,0,0,0,0,-2.595344869,0,1.590567337,0,0,0,0,0,0,2.932339179,0,0,0,0,0,0,0,0,0,0,0,0,0,0,0,0,0,0,0,0,0,4.625193602,0,0,0,-2.912041729,-3.854757746,0,3.663645877,0,0,0,-3.940460805,0,0,0,0,-5.303676252,0,0,0,0,0,0,0,0,0,0,0,0,0,0,0,0,0,0,0,0,0,0,0,0,0,0,0,0,0,0,0,0,0,0,0,0,0,0,0,0,-13.71054267,0,0,0,0,0,0,0,0,0,0,0,0,0,0,0,0,0,0,0,0,0,0,0,0,0,0,0,0,0,0,0,0,0,0,0,0,0,0,0,0,0,0,0,0,0,0,0,0,0,0,0,0,0,0,0,0,0,-12.82433922,0,0
0,0,0,0,0,0,0,0,0,0,0,0,0,0,0,0,0,0,0,0,0,0,0,0,0,0,0,0,0,0,8.573828566,0,0,-5.085824855,0,0,0,0,0,0,0,0,0,0,0,0,0,0,0,0,0,0,0,0,0,0,0,0,19.38907485,0,0,0,0,0,0,0,0,0,0,0,0,0,0,12.96091871,0,0,0,0,0,0,0,0,0,0,0,0,0,0,0,0,0,0,0,0,0,0,0,0,0,0,0,0,0,0,0,0,0,0,0,0,0,0,0,0,0,0,0,0,0,0,0,0,0,0,0,0,0,0,0,0,0,0,0,0,0,0,0,0,0,0,0,0,0,0,0,0,0,0,0,0,0,0,0,0,0,0,0,0,0,0,0,0,0,0,0,0,0,0,0,0,0,0,0,0,0,0,0,0,0,0
0,0,0,0,0,0,0,0,0,0,0,0,0,0,0,0,0,0,0,0,0,0,0,0,0,0,0,0,0,0,0,0,0,0,0,0,0,0,0,0,0,0,0,0,0,0,0,0,0,0,0,0,0,4.996942261,0,0,0,0,0,0,0,0,0,0,0,0,0,0,0,0,0,0,-5.89073011,0,0,0,0,0,8.829278482,0,0,0,0,0,0,0,0,0,0,0,0,0,0,0,0,0,0,0,0,0,0,0,23.15406982,0,0,0,0,0,0,0,0,0,0,0,0,0,0,0,0,0,0,0,0,0,0,0,0,0,0,0,0,0,0,0,0,0,0,0,0,0,0,0,0,0,0,0,0,0,0,0,0,0,0,0,0,0,0,0,0,0,0,0,0,0,0,0,0,0,0,0,0,0,0,0,0,0,0,0,0,0
0,0,0,0,0,0,0,0,0,0,0,0,0,0,0,0,0,0,0,0,0,0,0,0,0,0,0,0,0,0,0,0,0,0.591892811,0,2.634145022,0,0,0,0,0,0,1.852213143,-1.327085349,0,0,0,0,0,0,0,-3.124100146,0,-1.948115873,0,0,0,0,0,0,0,1.85641374,0,0,0,0,0,-1.759934923,0,0,0,-0.82236393,0,0,0,0,0,0,0,0,0,0,0,0,0,0,0,0,0,0,0,0,0,0,0,0,-4.107371245,0,0,0,0,0,0,0,0,0,0,0,0,0,0,0,0,0,0,0,0,0,0,0,0,0,0,0,0,0,0,0,0,0,0,0,0,0,0,0,0,0,0,0,0,0,0,0,0,0,3.74615968,0,0,0,0,0,0,0,0,0,0,0,0,0,0,0,0,0,0,0,0,0,0,0,0,0,0,0,0,0,0,0,0,0
0,0,0,0,0,0,0,0,0,0,0,0,0,0,0,0,0,0,0,0,0,0,0,0,0,0,0,0,0,0,0,0,0,0,11.58110424,0,0,-20.80378104,0,0,0,0,0,0,0,19.69774462,0,0,0,0,-12.16210674,0,0,0,0,0,0,0,0,0,0,0,0,0,0,12.69769194,0,0,0,-17.29716333,0,0,0,0,-11.1487038,0,0,0,0,0,0,0,0,0,0,0,0,0,0,0,0,0,0,0,0,0,0,0,0,0,0,0,0,0,0,0,0,0,0,0,0,0,0,0,0,0,0,0,0,0,0,0,0,0,0,0,0,0,0,0,0,0,0,0,0,0,0,0,0,0,0,0,0,0,0,0,0,0,0,0,-42.391269,0,0,0,0,0,0,0,0,0,0,0,0,0,0,0,0,0,0,0,0,0,0,0,0,0,0,0,0,0
0,0,0,0,0,0,0,0,0,0,0,0,0,0,0,0,0,0,0,0,0,0,0,0,0,0,0,0,0,0,0,-10.60363626,0,-2.399592451,5.364815761,0,0,0,0,0,0,0,0,0,8.844451321,0,-3.926405447,0,8.565917567,0,0,0,0,8.140787013,-9.864263984,0,0,0,0,0,0,0,0,0,5.935510413,0,0,0,0,7.202435463,0,3.231731293,0,0,0,0,0,-12.0457466,0,0,0,0,0,0,0,0,0,0,0,0,0,0,0,0,0,0,0,0,0,0,0,0,0,0,0,0,0,0,0,0,0,0,0,0,0,0,0,0,0,0,0,0,0,0,0,0,0,0,0,0,0,0,0,0,0,0,0,0,0,0,0,0,0,0,0,0,0,0,0,0,0,0,0,0,0,0,0,0,0,0,0,0,0,0,0,0,0,0,0,0,0,0,0,0,0,0,0,0,0,0
0,0,0,0,0,0,0,0,0,0,0,0,0,0,0,0,0,0,0,0,0,0,0,0,0,0,0,0,0,0,0,0,0,6.615776941,0,0,0,0,0,0,0,0,-14.73097886,0,0,0,0,0,0,0,0,0,0,0,0,0,0,0,0,0,0,0,0,0,0,0,0,0,0,0,0,0,0,0,0,0,0,0,0,0,0,0,0,0,0,0,0,0,0,0,0,0,0,0,0,0,0,0,0,0,0,0,0,0,0,0,0,0,0,0,0,0,0,0,0,0,0,0,0,0,0,0,0,0,0,0,0,0,0,0,0,0,0,0,0,0,0,26.17702032,0,0,0,0,0,0,0,0,-31.13045091,0,0,0,0,0,0,0,0,0,0,0,0,0,0,0,0,0,0,0,0,0,0,0,0,0,0,0,0,0,0,0,0,0
0,0,0,0,0,0,0,0,0,0,0,0,0,0,0,0,0,0,0,0,0,0,0,0,0,0,0,0,0,0,0,7.79599603,0,4.036133266,0,0,0,0,0,0,0,8.988467996,0,0,0,0,-5.275945254,0,-8.389476135,0,0,0,0,-17.13339522,0,-8.81444561,0,0,0,0,-6.961119053,0,0,13.71452983,-5.749550617,0,0,0,0,0,0,0,0,0,0,0,0,0,0,0,0,0,0,0,0,0,0,0,0,0,0,0,0,0,0,0,0,0,0,0,0,0,0,0,0,0,0,0,0,0,0,0,0,0,0,0,0,0,0,0,0,0,0,0,0,0,0,0,0,0,0,0,0,0,0,0,0,0,0,0,0,0,0,0,0,0,0,0,0,0,0,0,0,0,0,0,0,0,0,0,0,0,0,0,0,0,0,0,0,0,0,0,0,0,0,0,0,0,0,0
0,0,0,0,0,0,0,0,0,0,0,0,0,0,0,0,0,0,0,0,0,0,0,0,0,0,0,0,0,0,0,0,0,6.433377868,0,0,0,0,0,0,0,0,8.956830079,0,0,0,5.923370532,0,0,0,0,0,0,0,0,0,0,0,0,0,0,0,0,0,0,0,0,0,0,0,0,0,-7.560528537,0,0,-4.884873664,0,0,0,0,0,0,0,0,0,0,0,0,0,0,0,0,0,0,0,0,0,0,0,0,0,0,0,0,0,0,0,0,0,0,0,0,0,0,0,0,0,0,0,0,0,0,0,0,0,0,0,0,0,0,0,0,0,0,0,0,0,0,0,0,0,0,0,0,0,0,0,0,0,0,0,0,0,0,0,0,0,0,0,0,0,0,0,0,0,0,0,0,0,0,0,0,0,0,0,0,0,0,0,0
0,0,0,0,0,0,0,0,0,0,0,0,0,0,0,0,0,0,0,0,0,0,0,0,0,0,0,0,0,0,0,0,0,0,0,0,0,0,-30.13724928,0,0,0,0,0,0,0,0,0,0,0,0,0,0,0,0,0,0,0,0,0,0,0,0,20.75027184,-10.88461714,0,0,0,0,0,0,0,-15.39623906,0,0,0,0,0,0,0,0,0,0,0,0,0,0,0,0,0,0,0,0,0,0,0,0,0,0,0,0,0,0,0,0,0,0,0,0,0,0,0,0,0,0,0,0,0,0,0,0,0,0,0,0,0,0,0,0,0,0,0,0,0,0,0,0,0,0,0,0,0,0,0,0,0,0,0,0,0,0,0,0,0,0,0,0,0,0,0,0,0,0,0,0,0,0,0,0,0,0,0,0,0,0,0,0,0,0,0
0,0,0,0,0,0,0,0,0,0,0,0,0,0,0,0,0,0,0,0,0,0,0,0,0,0,0,0,0,0,0,0,0,0,0,0,0,0,0,0,0,0,0,-6.739856502,-5.588845525,0,0,0,0,0,0,0,0,6.89353189,0,0,0,0,0,0,0,0,0,0,0,0,0,0,0,0,0,0,-6.718156824,0,0,-2.500373197,0,0,0,0,0,0,0,0,0,0,0,0,0,0,0,0,0,0,0,0,0,0,0,0,0,0,0,0,0,0,0,0,0,0,0,0,0,0,0,0,0,0,0,0,0,0,0,0,0,0,37.08606903,0,0,0,0,0,0,0,0,0,0,0,0,0,0,0,0,0,0,0,0,0,0,0,0,0,0,0,0,0,0,0,0,0,0,0,0,0,0,0,0,0,0,0,0,0,0,0,0,0,0,0,0,0
0,0,0,0,0,0,0,0,0,0,0,0,0,0,0,0,0,0,0,0,0,0,0,0,0,0,0,0,0,0,0,0,-12.69634192,0,0,0,0,0,0,0,0,0,0,0,0,0,0,0,0,0,0,0,0,0,0,0,0,0,0,0,0,0,0,0,0,0,0,0,0,0,0,0,0,0,0,0,0,0,0,0,0,0,0,0,0,0,0,0,0,0,0,0,0,0,0,0,0,0,0,0,0,0,0,0,0,0,0,0,0,0,0,0,0,0,0,0,0,0,0,0,0,0,0,0,0,0,0,0,0,0,0,0,0,0,0,0,0,0,0,0,0,0,0,0,0,0,0,0,0,0,0,0,0,0,0,0,0,0,0,0,0,0,0,0,0,0,0,0,0,0,0,0,0,0,0,0,0,0,0,0
0,0,0,0,0,0,0,0,0,0,0,0,0,0,0,0,0,0,0,0,0,0,0,0,0,0,0,0,0,0,0,0,0,-10.16158553,0,0,0,0,0,0,7.528196312,0,0,0,0,0,0,0,0,0,0,0,0,0,0,-21.91503184,0,0,0,0,0,0,0,0,0,0,0,0,-11.59328616,15.29141999,9.566004606,0,0,0,0,0,0,0,0,0,0,0,0,0,0,0,0,0,0,0,0,0,-22.71196037,0,0,0,0,0,0,0,0,0,0,0,0,0,0,0,0,0,0,0,0,0,0,0,0,0,0,0,0,0,0,0,0,0,0,0,0,0,0,0,0,0,0,0,0,0,0,0,0,0,0,0,0,0,0,0,0,0,0,0,0,0,0,0,0,0,0,0,0,0,0,0,0,0,0,0,0,0,0,0,0,0,0,0,0,67.2745706,0,0
0,0,0,0,0,0,0,0,0,0,0,0,0,0,0,0,0,0,0,0,0,0,0,0,0,0,0,0,0,0,0,-3.466809434,0,1.816176627,0,0,0,0,0,0,0,0,0,0,0,0,0,0,0,0,0,0,-6.15094578,0,0,0,0,0,0,0,0,5.63180973,4.402746165,0,0,0,0,0,0,0,3.371652591,-2.510426587,0,0,0,0,0,4.736978041,0,0,14.918155,0,0,0,0,0,0,0,0,0,0,0,0,0,0,0,0,0,0,0,0,0,0,0,0,0,0,0,0,0,0,0,0,0,0,0,0,0,0,0,0,0,0,0,0,0,0,0,0,0,0,0,0,0,0,0,0,0,0,0,0,0,0,0,0,0,0,0,0,0,0,0,0,0,0,0,17.78536036,0,0,0,0,0,0,0,0,0,0,0,0,0,0,0,0,0,0,0,0,0,0,0
0,0,0,0,0,0,0,0,0,0,0,0,0,0,0,0,0,0,0,0,0,0,0,0,0,0,0,0,0,0,0.783798103,0,0,0,0,0,0,0,-2.233623692,0,-1.16360239,0,0,0,0,-1.115427156,0.865728142,0,0,0,0,0,0,0,0,0,0,0,0,0,0,0,-1.289336422,0,0,0,0,0,2.221644728,-2.027535628,0,0,0,0,0,0,0,0,0,0,0,0,0,0,0,0,0,0,0,0,0,0,0,0,0,0,0,0,0,0,0,0,0,0,0,0,0,0,0,0,0,0,0,0,0,0,0,0,0,0,0,0,0,0,0,5.183869945,0,0,0,0,0,0,-4.595602968,0,0,0,0,0,0,0,0,0,0,0,4.403643356,0,0,0,0,0,0,0,0,0,0,0,0,0,0,0,0,0,0,0,0,0,0,0,0,0,0,0,0,0,0,0,0,0,0,0
0,0,0,0,0,0,0,0,0,0,0,0,0,0,0,0,0,0,0,0,0,0,0,0,0,0,0,0,0,0,-5.016187425,0,0,0,0,0,0,0,-11.39920208,0,0,0,0,7.829026093,0,0,0,-10.99610996,0,7.074062562,0,0,0,0,0,0,0,6.493388714,0,0,0,0,0,8.890152432,0,0,0,0,0,0,0,5.120498043,0,0,0,4.966857322,0,0,0,0,0,0,0,0,0,0,0,0,0,0,0,0,-18.57557781,0,0,0,0,0,0,0,0,0,0,0,0,0,0,0,0,0,0,0,0,0,0,0,0,0,0,0,0,0,0,0,0,0,0,0,0,0,0,0,0,0,0,0,0,0,0,0,0,0,0,0,0,0,0,0,0,0,0,0,0,0,0,0,0,0,0,0,0,0,0,0,0,0,0,0,0,0,0,0,0,0,0,0,0,0,0,0
0,0,0,0,0,0,0,0,0,0,0,0,0,0,0,0,0,0,0,0,0,0,0,0,0,0,0,0,0,0,-16.89601388,0,0,12.52527455,-15.5520184,0,0,0,0,0,0,0,29.16306206,0,0,21.78277548,0,0,0,0,0,0,0,0,0,22.68825854,0,0,0,0,0,0,0,0,0,0,0,0,0,0,0,0,0,0,0,0,0,0,0,0,0,0,0,0,0,0,0,0,0,0,0,0,0,0,0,0,0,0,0,0,0,0,0,0,0,0,0,0,0,0,0,0,0,0,0,0,0,0,0,0,0,0,0,0,0,0,0,0,0,0,0,0,0,0,0,0,0,0,0,0,0,0,0,0,0,0,0,0,0,0,0,0,0,0,0,0,0,0,0,0,0,0,0,0,0,0,0,0,0,0,0,0,0,0,0,0,0,0,0,0
0,0,0,0,0,0,0,0,0,0,0,0,0,0,0,0,0,0,0,0,0,0,0,0,0,0,0,0,0,0,0,0,0,0,0,0,0,0,0,0,0,0,0,0,0,0,0,0,0,0,0,0,0,0,0,0,0,0,0,0,0,0,0,0,0,0,0,0,0,0,0,0,0,0,0,0,0,0,0,0,0,0,0,0,0,0,0,0,0,0,0,0,0,0,0,0,0,0,0,0,0,0,0,0,0,0,0,0,0,0,0,0,0,0,0,0,0,0,0,0,0,0,0,0,0,0,0,0,0,0,0,0,0,0,0,0,0,0,0,0,0,0,0,0,0,0,0,0,0,0,0,0,0,0,0,0,0,0,0,0,0,0,0,0,0,0,0,0,0,0,0,0,0,0,0,0,0,0,0,0
0,0,0,0,0,0,0,0,0,0,0,0,0,0,0,0,0,0,0,0,0,0,0,0,0,0,0,0,0,0,0,0,6.64487677,0,0,0,0,0,0,0,0,0,9.743837236,7.444333027,0,0,0,0,0,10.19058972,0,0,0,0,0,0,0,0,-9.92661424,0,0,0,0,0,0,0,0,0,0,0,0,0,10.30382656,-10.38453391,0,0,0,0,0,0,0,0,0,0,0,0,0,0,0,0,0,0,0,0,0,0,0,0,0,0,0,0,0,0,0,0,0,0,0,0,0,0,0,0,0,0,0,0,0,0,0,0,0,0,0,0,0,0,0,0,0,0,0,0,0,0,0,0,0,0,0,0,0,0,0,0,0,0,0,0,27.90667333,0,0,0,0,0,0,0,35.81684594,0,0,0,0,0,0,0,0,0,0,0,0,0,0,0,0,0,0,0,0,0
0,0,0,0,0,0,0,0,0,0,0,0,0,0,0,0,0,0,0,0,0,0,0,0,0,0,0,0,0,0,0,0,0,0,0,0,0,0,0,0,0,0,0,0,0,0,0,0,0,0,0,0,0,0,0,0,0,0,0,0,0,0,0,0,-12.36712256,0,0,0,0,0,-14.36244256,0,0,0,21.33596225,0,0,0,0,0,0,0,0,0,0,0,0,0,0,0,0,0,0,0,0,0,0,0,0,0,0,0,0,0,0,0,0,0,0,0,0,0,0,0,0,0,0,-47.54144609,0,0,0,0,0,0,0,0,0,0,0,0,0,0,0,0,0,0,0,0,0,0,0,0,0,0,0,0,0,0,0,0,0,0,0,0,0,0,0,0,0,0,0,0,0,0,0,0,0,0,0,0,0,0,0,0,0,0,0,0,0,0
0,0,0,0,0,0,0,0,0,0,0,0,0,0,0,0,0,0,0,0,0,0,0,0,0,0,0,0,0,0,0,0,0,0,0,11.012525,0,-14.61323433,0,0,5.952763643,0,0,-8.338667784,0,0,-6.279729843,0,0,0,0,0,0,0,0,0,0,0,0,0,0,0,0,0,0,0,0,0,0,0,0,-4.712743597,0,0,0,0,0,0,0,0,0,0,0,0,0,0,0,0,0,0,0,0,0,0,0,0,0,0,0,0,0,0,0,0,0,0,0,0,0,0,0,0,0,0,0,0,0,0,0,0,0,0,0,0,0,0,0,0,0,0,0,0,0,0,0,0,0,0,0,0,0,0,0,0,0,0,0,0,0,0,0,0,0,0,0,0,0,0,0,0,0,0,0,0,0,0,0,0,0,0,0,0,0,0,0,0,0,0,0,0
0,0,0,0,0,0,0,0,0,0,0,0,0,0,0,0,0,0,0,0,0,0,0,0,0,0,0,0,0,0,0,0,0,0,32.79094734,0,0,0,0,0,0,0,0,0,0,0,0,0,0,0,0,0,0,0,0,-19.0325157,0,0,0,0,-15.01725481,21.38161756,0,0,0,0,0,0,0,0,0,0,0,0,0,-15.94866574,0,0,0,0,0,0,0,0,0,0,0,0,0,0,0,0,0,0,0,0,0,0,0,0,0,0,0,0,0,0,0,0,0,0,0,0,0,0,0,0,0,0,0,0,0,0,0,0,0,0,0,0,0,0,0,0,0,0,0,0,0,0,0,0,0,0,0,0,0,0,0,0,0,0,0,0,0,0,0,0,0,0,0,0,0,0,0,0,0,0,0,0,0,0,0,0,0,0,0,0,0,0,0,0
0,0,0,0,0,0,0,0,0,0,0,0,0,0,0,0,0,0,0,0,0,0,0,0,0,0,0,0,0,0,0,0,0,0,0,0,0,0,0,0,0,0,0,0,-5.446296512,0,0,0,0,0,0,-9.098826104,0,0,0,0,0,0,-7.105346128,0,0,0,0,0,0,0,0,0,0,0,0,0,-4.829412148,0,0,0,0,0,0,0,0,0,0,0,0,0,0,0,0,0,0,0,0,0,0,0,0,0,0,0,0,0,0,0,0,0,0,0,0,0,0,0,0,0,0,0,0,0,0,0,0,0,0,0,0,0,0,0,0,0,0,0,0,0,0,0,0,0,0,0,0,0,0,0,0,0,0,0,0,0,0,0,0,0,0,0,0,0,0,0,0,0,0,0,0,0,0,0,0,0,0,0,0,0,0,0,0,0,0,0
0,0,0,0,0,0,0,0,0,0,0,0,0,0,0,0,0,0,0,0,0,0,0,0,0,0,0,0,0,0,0,0,0,0,0,0,0,0,0,0,0,0,0,0,0,0,0,0,0,0,0,0,0,0,0,0,0,0,0,0,0,0,-11.9139206,0,0,0,0,0,0,0,0,0,0,0,0,-17.23948605,0,0,0,0,0,0,0,0,0,0,0,0,0,0,0,0,0,0,0,0,0,0,0,0,0,0,0,0,0,0,0,0,0,0,0,0,0,0,0,0,0,0,0,0,0,0,0,0,0,0,0,0,0,0,0,0,0,0,0,0,0,0,0,0,0,0,0,0,0,0,0,0,0,0,0,0,0,0,0,0,0,0,0,0,0,0,0,0,0,0,0,0,0,0,0,0,0,0,0,0,0,-47.35499079,0,0
0,0,0,0,0,0,0,0,0,0,0,0,0,0,0,0,0,0,0,0,0,0,0,0,0,0,0,0,0,0,0,0,0,0,0,0,0,0,0,0,15.36181497,0,0,0,0,0,0,0,0,0,0,0,0,0,0,-27.76286438,0,0,0,0,0,0,0,0,0,0,0,0,0,0,0,0,0,0,0,0,0,0,0,0,0,0,0,0,0,0,0,0,0,0,0,0,0,0,0,0,0,0,0,0,0,0,0,0,0,0,0,0,0,0,0,0,0,0,0,0,0,0,0,0,0,0,0,0,0,0,0,0,0,0,0,0,0,0,0,0,0,0,0,0,0,0,0,0,0,0,0,0,0,0,0,0,0,0,0,0,0,0,0,0,0,0,0,0,0,0,0,0,0,0,0,0,0,0,0,0,0,0,0,0
0,0,0,0,0,0,0,0,0,0,0,0,0,0,0,0,0,0,0,0,0,0,0,0,0,0,0,0,0,0,0,0,0,0,0,0,0,0,0,0,0,0,0,0,0,0,0,0,0,0,0,0,0,0,0,0,0,0,0,-9.891893359,0,0,0,0,0,-9.166784003,7.738026528,11.15727997,0,0,0,0,0,0,0,0,0,0,0,0,0,0,0,0,0,0,0,0,0,0,0,0,0,0,0,0,0,0,0,0,0,0,0,0,0,0,0,0,0,0,0,0,0,0,0,0,0,0,0,0,0,0,0,0,0,0,0,0,0,0,0,0,0,0,0,0,0,0,0,0,0,0,0,0,0,0,0,0,0,0,0,0,0,0,0,0,0,0,0,0,0,0,0,0,0,0,0,0,0,0,0,0,0,0,0,0,0,0,0,0
0,0,0,0,0,0,0,0,0,0,0,0,0,0,0,0,0,0,0,0,0,0,0,0,0,0,0,0,0,0,0,0,0,3.847123455,0,0,0,0,0,0,0,0,16.54987279,0,0,0,7.108972307,0,0,0,0,0,0,0,0,0,0,0,0,0,0,0,0,0,0,0,0,-9.112061785,12.71588489,0,0,-7.206624484,-13.20862625,0,0,0,0,0,0,0,34.44714193,0,0,0,0,0,0,0,0,0,0,0,0,0,0,0,0,0,0,0,0,0,0,0,0,0,0,0,0,0,0,0,0,0,0,0,0,0,0,0,0,0,0,0,0,0,0,0,0,0,0,0,0,0,0,0,0,0,0,0,0,0,0,0,0,0,0,0,0,0,0,0,0,0,0,0,0,0,0,0,0,0,0,0,0,0,0,0,0,0,0,0,0,0,0,0,0,0,0,0
0,0,0,0,0,0,0,0,0,0,0,0,0,0,0,0,0,0,0,0,0,0,0,0,0,0,0,0,0,0,-0.373184632,0,0,0.581847654,0,1.230571745,0,0,0,0,0,0,0,-0.671636746,0,0,0.374590242,0,0,-0.672892883,0,0,0,0,0,0,0,0,0,0,0,0,0,-1.837463513,0,0.415875536,-0.442531888,-0.728171803,0,0,-0.529470183,0,0,0,0,0,1.020297867,1.166020434,0,-1.087347084,0,0,0,0,0,0,0,0,0,0,0,0,0,0,0,0,0,0,0,0,0,0,0,0,0,0,0,0,0,0,0,0,0,0,0,0,0,0,0,0,0,0,0,0,0,4.682143431,0,0,0,0,0,0,0,0,0,0,0,0,0,0,0,0,0,0,0,0,0,0,0,0,0,0,0,0,0,0,0,0,0,0,0,0,0,0,0,0,0,0,0,0,0,0,0,0,0,0,0,0,0,0
0,0,0,0,0,0,0,0,0,0,0,0,0,0,0,0,0,0,0,0,0,0,0,0,0,0,0,0,0,0,0,-5.860821093,0,0,0,0,0,0,0,0,0,0,0,0,0,0,0,0,0,0,0,0,-9.040589543,0,0,0,0,0,0,0,0,0,0,0,0,0,0,0,0,0,0,0,-7.784046036,0,0,-3.587871887,0,0,0,0,0,0,0,0,0,0,0,0,0,0,0,0,0,0,0,0,0,0,0,0,0,0,0,0,0,0,0,0,0,0,0,0,0,0,0,0,0,0,0,0,0,0,0,0,0,0,0,0,0,0,0,0,0,0,0,0,0,0,0,0,0,0,0,0,0,0,0,0,0,0,0,0,0,0,0,0,0,0,0,0,0,0,0,0,0,0,0,0,0,0,0,0,0,0,0,0,0,0,0,0
0,0,0,0,0,0,0,0,0,0,0,0,0,0,0,0,0,0,0,0,0,0,0,0,0,0,0,0,0,0,0,-9.874697848,0,0,0,0,0,0,0,0,0,0,0,0,0,0,0,0,0,0,0,0,0,0,0,0,0,0,24.89777022,0,0,0,0,0,0,0,0,0,0,0,-8.976904979,0,0,0,0,0,0,0,0,0,0,0,0,0,0,0,0,0,0,0,0,0,0,0,0,0,0,0,0,0,0,0,0,0,0,0,0,0,0,0,0,0,0,0,0,0,0,0,0,0,0,0,0,0,0,0,0,0,0,0,0,0,0,0,0,0,0,0,0,0,0,0,0,0,0,0,0,0,0,0,0,0,0,0,0,0,0,0,0,0,0,0,0,0,0,0,0,0,0,0,0,0,0,0,0,0,0,0,0,0
0,0,0,0,0,0,0,0,0,0,0,0,0,0,0,0,0,0,0,0,0,0,0,0,0,0,0,0,0,0,0,-4.739678196,0,0,0,0,0,0,0,0,-7.256537726,0,0,-8.868498624,8.669541452,5.041813404,0,0,0,0,0,0,0,0,0,0,0,0,0,0,0,0,-6.276879644,0,0,0,5.243050389,0,0,0,0,0,0,0,0,-5.010573618,0,0,0,0,0,0,0,0,0,0,0,0,0,0,0,0,0,0,0,0,0,0,0,0,0,0,0,0,0,0,0,0,0,0,0,0,0,0,0,0,0,0,0,0,0,0,0,0,0,0,0,0,0,0,0,0,0,0,0,0,0,0,0,0,0,0,0,0,0,0,0,0,0,0,0,0,0,0,0,0,0,0,0,0,0,0,0,0,0,0,0,0,0,0,0,0,0,0,0,0,0,0,0,0
0,0,0,0,0,0,0,0,0,0,0,0,0,0,0,0,0,0,0,0,0,0,0,0,0,0,0,0,0,0,0,17.66516097,0,0,0,0,0,0,0,0,0,0,0,0,0,-12.64961553,0,0,0,0,0,0,0,0,0,-17.8082539,0,12.03677978,0,0,0,0,0,0,0,0,-13.12964216,0,-16.91220662,0,0,0,0,0,0,0,0,0,0,-20.41199717,0,0,0,0,0,0,0,0,0,0,0,0,-29.18578376,0,0,0,0,0,0,0,0,0,0,0,0,0,0,0,0,0,0,0,0,0,0,0,0,0,0,0,0,0,0,0,0,0,0,0,0,0,0,0,0,0,0,0,0,0,0,0,0,0,0,0,0,0,0,0,0,0,0,0,0,0,0,0,0,0,0,0,0,0,0,0,0,0,0,0,0,0,0,0,0,0,0,0,0,0,0,0
0,0,0,0,0,0,0,0,0,0,0,0,0,0,0,0,0,0,0,0,0,0,0,0,0,0,0,0,0,0,0,0,-4.323730527,2.633301053,0,0,0,-15.25438254,0,0,0,0,0,0,-7.733603432,0,0,0,0,0,0,0,0,0,0,0,0,0,0,0,0,0,0,0,0,0,0,3.856836749,0,0,0,0,-5.424290292,0,0,0,0,0,0,0,0,0,0,0,0,0,0,0,0,0,0,0,15.60587069,0,0,0,0,0,0,0,0,0,0,0,0,0,0,0,33.25459035,0,0,0,0,0,0,0,0,0,0,0,0,0,0,0,0,0,0,0,0,0,0,0,0,0,0,0,0,0,0,0,0,0,0,0,0,0,0,0,0,0,0,0,0,0,0,0,0,0,0,0,0,0,0,0,0,0,0,0,0,0,0,0,0,0,0,0,0,-25.89630566,0,0
0,0,0,0,0,0,0,0,0,0,0,0,0,0,0,0,0,0,0,0,0,0,0,0,0,0,0,0,0,0,0,0,0,0,0,0,0,0,0,0,0,-14.69251785,0,0,0,0,8.889128731,0,0,0,16.20926694,0,0,0,0,0,0,0,0,0,0,0,0,0,0,0,7.308179448,0,0,0,0,0,0,0,0,8.194828581,0,0,0,0,0,0,0,0,0,0,0,0,0,0,0,0,0,0,0,0,0,0,0,0,0,0,0,0,0,0,0,0,0,0,0,0,0,0,0,0,0,0,0,0,0,0,0,0,0,0,0,0,0,0,0,0,0,0,0,0,0,0,0,0,0,0,0,0,0,0,0,0,0,0,0,0,0,0,0,0,0,0,0,0,0,0,0,0,0,0,0,0,0,0,0,0,0,0,0,0,0,0,0,0
0,0,0,0,0,0,0,0,0,0,0,0,0,0,0,0,0,0,0,0,0,0,0,0,0,0,0,0,0,0,0,0,0,0,0,0,0,0,0,0,0,0,0,0,0,0,0,0,0,11.3553447,0,0,0,0,0,0,0,0,0,0,0,0,0,0,-7.301564909,0,0,0,0,0,0,0,-12.04849963,0,0,0,0,11.5727449,0,-14.89449741,0,0,0,0,0,0,0,0,0,0,0,0,0,0,0,0,0,0,0,0,0,0,0,0,0,0,0,0,0,0,0,0,0,0,0,0,0,0,0,0,0,0,0,0,0,0,0,0,0,0,0,0,0,0,0,0,0,0,0,0,0,0,0,0,0,0,0,0,0,0,0,0,0,0,0,0,0,0,0,0,0,0,0,0,0,0,0,0,0,0,0,0,0,0,0,0,0,0,0,0
0,0,0,0,0,0,0,0,0,0,0,0,0,0,0,0,0,0,0,0,0,0,0,0,0,0,0,0,0,0,0,0,8.691254771,0,0,0,0,0,0,0,0,0,0,0,0,8.658006333,0,0,0,0,0,0,0,0,0,0,0,0,0,0,0,0,0,0,0,0,0,-5.290857328,0,0,0,0,0,0,0,0,0,0,0,0,0,0,0,0,0,0,0,0,0,0,0,0,0,0,0,0,21.75616206,0,0,0,0,0,0,0,0,0,0,0,0,0,0,0,0,0,0,0,0,0,0,0,0,0,0,0,0,0,0,0,0,0,0,0,0,0,0,0,0,0,0,-27.30983434,0,0,0,0,0,0,0,0,0,0,0,0,0,0,0,0,0,0,-35.2498794,0,0,0,0,0,0,0,0,0,0,0,0,0,0,0,0,0,0,0,0,0
0,0,0,0,0,0,0,0,0,0,0,0,0,0,0,0,0,0,0,0,0,0,0,0,0,0,0,0,0,0,0,0,0,0,0,0,0,0,0,-18.96265203,0,0,0,0,0,0,0,0,0,0,0,0,0,0,0,0,0,0,0,-9.630853413,0,0,13.36995082,0,0,0,0,0,0,-20.41671143,0,0,0,0,0,0,0,0,0,0,0,0,0,0,0,0,0,0,0,0,0,0,-28.62085012,0,0,0,0,0,0,0,0,0,0,0,0,0,0,0,0,0,0,0,0,0,0,0,0,0,0,0,0,0,0,0,0,0,0,0,0,0,0,0,0,0,0,0,0,0,0,-47.05851583,0,0,0,0,0,0,0,0,0,0,0,0,0,0,0,0,0,0,-40.38638055,0,0,0,0,0,0,0,0,0,0,0,0,0,0,0,0,0,0,0,0,0
0,0,0,0,0,0,0,0,0,0,0,0,0,0,0,0,0,0,0,0,0,0,0,0,0,0,0,0,0,0,0,-7.097808959,0,0,0,0,0,0,0,0,0,0,0,0,0,0,0,0,10.97841169,0,14.42195575,0,0,0,0,-10.8997227,0,6.491595644,0,0,0,0,0,0,0,9.989299411,0,0,-13.94478462,0,0,6.300612665,0,0,0,0,8.405641741,0,0,0,0,0,0,0,0,0,0,0,0,0,0,0,0,0,0,0,0,0,0,0,0,0,0,0,0,0,0,0,0,0,0,0,0,0,0,0,0,41.00631193,0,0,0,0,0,0,0,0,0,0,0,0,0,0,0,0,0,0,0,0,0,0,0,0,0,0,0,0,0,0,0,0,0,0,0,0,0,0,0,0,0,0,0,0,0,0,0,0,0,0,0,0,0,0,0,0,0,0,0,0,0,0
0,0,0,0,0,0,0,0,0,0,0,0,0,0,0,0,0,0,0,0,0,0,0,0,0,0,0,0,0,0,0,0,0,0,0,-5.107521342,0,0,0,0,0,0,0,0,0,1.63504663,2.383141098,4.479924571,-3.194063276,0,0,0,0,0,0,0,4.573735633,0,0,0,-2.372639683,-2.948598064,0,0,0,0,0,2.00785818,0,0,0,0,0,0,0,0,0,0,0,0,5.949225737,0,0,0,0,0,0,0,0,0,0,0,0,0,0,0,0,0,0,0,0,0,0,0,0,0,0,0,0,0,0,0,0,0,0,0,0,0,0,0,0,0,-6.670633137,0,0,0,0,0,0,0,0,0,0,0,0,0,0,0,0,0,0,0,0,0,0,0,0,0,0,0,0,0,0,0,0,0,0,0,0,0,0,0,0,0,0,0,-11.33219917,0,0,0,0,0,0,0,0,0,0,0,0,0
0,0,0,0,0,0,0,0,0,0,0,0,0,0,0,0,0,0,0,0,0,0,0,0,0,0,0,0,0,0,0,0,0,0,0,0,0,0,0,0,0,0,0,0,0,0,0,0,0,0,0,0,0,0,0,0,0,0,0,7.593076158,0,0,0,0,0,0,-9.291753053,-10.80420795,8.869677252,0,0,0,0,0,0,0,0,0,0,0,0,0,0,0,0,0,0,0,0,0,0,0,0,0,0,0,0,0,0,0,0,0,0,0,0,0,0,0,0,0,0,0,0,0,0,0,0,0,0,0,0,0,0,0,0,0,0,0,0,0,0,0,0,0,0,0,0,0,0,0,0,0,0,0,0,0,0,0,0,0,0,0,0,0,0,0,0,0,0,0,0,0,0,0,0,0,0,0,0,0,0,0,0,0,0,0,0,0,0,0
0,0,0,0,0,0,0,0,0,0,0,0,0,0,0,0,0,0,0,0,0,0,0,0,0,0,0,0,0,0,0,6.755706985,4.860511298,0,0,0,0,-14.35486079,0,0,0,0,11.43032246,0,0,0,0,0,0,9.401996944,0,0,0,0,0,8.547397469,0,0,0,0,0,0,-7.905646523,0,0,0,0,0,0,-9.477420646,0,0,0,0,0,0,0,0,11.29040778,0,0,0,0,0,0,0,0,0,0,0,0,0,0,0,0,0,0,0,0,0,0,0,0,0,0,0,0,0,0,0,0,0,0,0,0,0,0,0,0,0,0,0,0,0,0,0,0,0,0,0,0,0,0,25.53762183,0,0,0,0,0,0,0,0,0,0,0,0,0,0,0,0,0,0,0,0,0,0,0,0,0,0,0,0,0,0,0,0,0,0,0,0,0,0,0,0,0,0,0,0,0,0
0,0,0,0,0,0,0,0,0,0,0,0,0,0,0,0,0,0,0,0,0,0,0,0,0,0,0,0,0,0,0,0,0,0,0,17.73328809,0,0,0,0,0,0,0,0,0,0,0,0,0,0,0,0,0,0,0,0,0,0,0,0,0,0,0,0,0,-8.456119464,0,0,0,0,0,6.762959063,0,0,0,0,0,0,0,0,0,0,0,0,0,0,0,0,0,0,0,0,27.84466421,0,0,0,0,0,0,0,0,0,0,0,0,0,0,0,0,0,0,0,0,0,0,0,0,0,0,0,0,0,0,0,0,0,0,0,0,0,0,0,0,0,0,0,0,0,0,0,0,0,0,0,0,0,0,0,0,0,0,0,0,0,0,0,0,0,0,0,0,0,0,0,0,0,0,0,0,0,0,0,0,0,0,0,0,0,0,0
0,0,0,0,0,0,0,0,0,0,0,0,0,0,0,0,0,0,0,0,0,0,0,0,0,0,0,0,0,0,0,5.565415635,-9.810491319,0,0,0,0,0,0,0,0,0,0,0,0,-6.644514778,0,-14.80737541,0,0,0,0,0,0,0,0,0,4.945039725,0,0,0,0,0,0,0,-5.604013644,0,0,0,0,0,0,0,0,8.176081913,8.152896513,0,0,0,0,0,0,0,0,0,0,0,0,0,0,0,0,0,0,0,0,0,0,0,0,0,0,0,0,0,0,0,0,0,0,0,0,0,0,0,0,0,-21.0173943,0,0,0,0,0,0,0,0,0,0,0,0,0,0,0,0,0,0,0,15.61492009,0,0,0,0,0,0,0,0,0,0,0,0,0,0,0,0,0,0,0,0,0,0,0,0,0,0,0,0,0,0,0,0,0,0,0,0,0,0,0,0,0,0
0,0,0,0,0,0,0,0,0,0,0,0,0,0,0,0,0,0,0,0,0,0,0,0,0,0,0,0,0,0,0,0,0,-3.951631846,0,0,0,0,-14.56059754,0,0,0,-9.164783712,0,0,7.750241282,0,0,0,0,0,0,18.07104492,0,0,9.257701394,0,0,0,0,0,0,0,0,0,0,0,-5.959467971,-9.047999672,0,8.129968138,0,0,0,0,0,0,0,0,0,0,0,0,0,0,0,0,0,0,0,0,0,0,0,0,0,0,0,0,0,0,0,0,0,0,0,0,0,0,0,0,0,0,0,0,0,0,0,0,0,0,0,0,0,0,0,0,0,0,0,0,0,0,0,0,0,0,0,0,0,0,0,0,0,0,0,0,0,0,0,0,0,0,0,0,0,0,0,0,0,0,0,0,0,0,0,0,0,0,0,0,0,0,0,0,0,0,0,0,0
0,0,0,0,0,0,0,0,0,0,0,0,0,0,0,0,0,0,0,0,0,0,0,0,0,0,0,0,0,0,0,0,0,0,0,0,0,0,0,0,11.83961985,0,0,0,0,0,0,0,0,0,0,0,0,0,0,0,0,0,0,0,0,0,0,0,0,0,0,0,0,0,0,7.287100098,0,0,0,0,-8.62612802,0,0,0,0,0,0,0,0,0,0,0,0,0,0,0,0,0,0,0,0,0,0,0,0,0,0,0,0,0,0,0,0,0,0,0,0,0,0,0,0,0,0,0,0,0,0,0,0,0,0,0,0,0,0,0,0,0,0,0,0,0,0,0,0,0,0,0,0,0,0,0,0,0,0,0,0,0,0,0,0,0,0,0,0,0,0,0,0,0,0,0,0,0,0,0,0,0,0,0,0,0,0,0
0,0,0,0,0,0,0,0,0,0,0,0,0,0,0,0,0,0,0,0,0,0,0,0,0,0,0,0,0,0,0,26.53822827,0,-16.10326816,24.88335879,0,0,0,0,0,0,0,0,30.15818114,0,0,0,0,0,0,0,0,0,0,0,0,0,9.648246414,0,0,0,-17.47083453,0,0,0,-11.61877425,10.63316686,0,0,0,0,0,0,0,0,0,0,0,0,0,0,0,0,0,0,0,0,0,0,0,0,0,0,0,0,0,0,0,0,0,0,0,0,0,0,0,0,0,0,0,0,0,0,0,0,0,0,0,0,0,0,0,0,0,0,0,0,0,0,0,0,0,0,0,0,0,0,0,0,0,0,0,0,0,0,0,0,0,0,0,0,0,0,0,0,0,0,0,0,0,0,0,0,0,0,0,0,0,0,0,0,0,0,0,0,0,0,0,0,0
0,0,0,0,0,0,0,0,0,0,0,0,0,0,0,0,0,0,0,0,0,0,0,0,0,0,0,0,0,0,0,0,0,6.792104995,0,0,0,0,0,0,0,0,0,0,0,0,0,0,0,0,0,0,0,0,0,0,0,0,0,0,0,0,0,0,0,0,0,0,0,0,0,0,0,0,0,0,0,0,0,0,0,0,0,0,0,0,0,0,0,0,0,0,0,0,0,0,0,0,0,0,0,0,0,0,0,0,0,0,0,0,0,0,0,0,0,0,0,0,0,0,0,0,0,0,0,0,0,0,0,0,0,0,0,0,0,0,0,0,0,0,0,0,0,0,0,0,0,0,0,0,0,0,0,0,0,0,0,0,0,0,0,0,0,0,0,0,0,0,0,0,0,0,0,0,0,0,0,0,0,0
0,0,0,0,0,0,0,0,0,0,0,0,0,0,0,0,0,0,0,0,0,0,0,0,0,0,0,0,0,0,0,0,0,0,0,0,0,0,0,0,0,0,0,0,0,0,0,0,0,0,0,0,0,0,0,0,0,0,0,0,0,0,-11.0103933,0,0,0,0,0,0,0,0,0,0,0,0,0,0,0,0,-11.66603475,0,0,0,0,0,0,0,0,0,0,0,0,0,0,0,0,0,0,0,0,0,0,0,0,0,0,0,0,0,0,0,0,0,0,0,0,0,0,0,0,0,0,0,0,0,0,0,0,0,0,0,0,0,0,0,0,0,0,0,0,0,0,0,0,0,0,0,0,0,0,0,0,0,0,0,0,0,0,0,0,0,0,0,0,0,0,0,0,0,0,0,0,0,0,0,-25.74868899,0,0,0,0
0,0,0,0,0,0,0,0,0,0,0,0,0,0,0,0,0,0,0,0,0,0,0,0,0,0,0,0,0,0,0,0,0,0,0,0,0,0,0,0,0,0,0,0,0,-13.22168767,0,0,0,-15.55999545,0,0,0,0,0,-17.71897756,0,0,0,0,0,0,0,0,0,0,0,-12.0523813,0,0,0,9.36167729,0,0,0,0,0,0,0,0,0,0,0,0,0,0,0,0,0,0,0,0,0,0,0,0,0,0,0,0,0,0,0,0,0,0,0,0,0,0,0,0,0,0,0,0,0,0,0,0,0,0,0,0,0,0,0,0,0,0,0,0,0,0,0,0,0,0,0,0,0,0,0,0,0,0,0,0,0,0,0,0,0,0,0,0,0,0,0,0,0,0,0,0,0,0,0,0,0,0,0,0,0,0,0,0,0,0,0,0
0,0,0,0,0,0,0,0,0,0,0,0,0,0,0,0,0,0,0,0,0,0,0,0,0,0,0,0,0,0,0,0,0,0,0,0,0,0,0,0,0,0,0,0,0,0,0,-11.40796952,0,0,0,0,0,0,0,7.260521342,0,0,13.30791131,0,0,0,0,0,0,0,0,0,0,0,-5.854037461,-4.491490316,0,0,0,0,0,0,0,-7.339727362,0,0,0,0,0,0,0,0,0,0,0,0,0,0,0,0,0,0,0,0,0,0,0,0,0,0,0,0,0,0,0,0,0,0,0,0,0,0,0,0,0,0,0,0,0,0,0,0,0,0,0,0,0,0,0,0,0,0,0,0,0,0,0,0,0,0,0,0,0,0,0,0,0,0,0,0,0,0,0,0,0,0,0,0,0,0,0,0,0,0,0,0,0,0,0,0,0,0,0,0
0,0,0,0,0,0,0,0,0,0,0,0,0,0,0,0,0,0,0,0,0,0,0,0,0,0,0,0,0,0,-3.410035361,4.963828269,-3.844760972,0,-7.715836725,-8.29197356,0,0,0,0,0,0,0,0,-11.2621322,0,0,0,0,0,5.21752023,0,0,7.147764759,0,0,0,0,-17.57536008,0,0,0,0,0,0,-3.814120841,0,4.028635471,0,0,0,0,0,0,0,0,5.401352726,-11.58753898,0,9.634421648,0,0,0,0,0,0,0,0,0,0,0,0,12.75187572,0,0,0,0,0,0,0,0,0,0,0,0,0,0,0,0,0,0,0,0,0,0,0,0,0,0,0,0,0,0,0,0,0,0,0,0,0,0,0,0,0,0,0,0,0,0,0,0,0,0,0,0,0,0,0,0,0,0,0,0,0,0,0,0,0,0,0,0,0,0,0,0,0,0,0,0,0,0,0,0,0,0,0,0,0,0,0
0,0,0,0,0,0,0,0,0,0,0,0,0,0,0,0,0,0,0,0,0,0,0,0,0,0,0,0,0,0,0,17.41947527,0,0,0,0,0,-25.5869503,0,0,0,0,0,0,-14.66943066,0,0,0,0,0,0,0,19.37985275,0,0,0,0,0,0,0,0,0,-17.15716442,0,0,0,0,0,0,0,0,0,0,0,-11.15622142,-8.148632238,0,0,0,0,0,0,0,0,0,0,0,0,0,0,0,0,0,0,0,0,0,0,0,0,0,0,0,0,0,0,0,0,0,0,0,0,0,0,0,0,0,0,0,0,0,0,0,0,0,0,0,0,0,0,0,0,0,0,0,0,0,0,0,0,0,0,0,0,0,0,0,0,0,0,0,0,0,0,0,0,0,0,0,0,0,0,0,0,0,0,0,0,0,0,0,0,0,0,0,0,0,0,0,0
0,0,0,0,0,0,0,0,0,0,0,0,0,0,0,0,0,0,0,0,0,0,0,0,0,0,0,0,0,0,0,-6.832019631,0,0,0,0,0,0,0,0,0,0,0,-9.737221974,-10.12955799,0,0,0,0,0,0,0,0,0,0,8.085171077,0,0,0,0,0,0,0,0,0,0,0,0,0,0,6.934254164,0,-11.91737442,0,0,0,0,0,0,0,0,0,0,0,0,0,0,0,0,0,0,0,0,0,0,0,0,0,0,0,0,0,0,0,0,0,0,0,0,0,0,0,0,0,0,0,0,0,0,0,0,0,0,0,0,0,0,0,0,0,0,0,0,0,0,0,-33.30407947,0,0,0,0,0,0,0,0,0,27.44317758,0,0,0,0,0,0,0,0,0,0,0,0,0,0,0,0,0,0,0,0,0,0,0,0,0,0,0,0,0,0,0,0,0
0,0,0,0,0,0,0,0,0,0,0,0,0,0,0,0,0,0,0,0,0,0,0,0,0,0,0,0,0,0,11.28486892,0,10.56974229,-10.00889175,0,0,0,0,-22.29561337,0,0,0,0,0,13.09987318,0,8.343117319,27.63302889,0,0,0,0,0,0,0,0,0,0,0,0,0,0,0,0,0,0,0,0,0,0,0,0,0,0,0,0,0,0,0,0,-25.28036136,0,0,0,0,0,0,0,0,0,0,0,0,0,0,0,0,0,0,0,0,0,0,0,0,0,0,0,0,0,0,0,0,0,0,0,0,0,0,0,0,0,0,0,0,0,0,0,0,0,0,0,0,0,0,0,0,0,0,0,0,0,0,0,0,0,0,0,0,0,0,0,0,0,0,0,0,0,0,0,0,0,0,0,0,0,0,0,0,0,0,0,0,0,0,0,0,0,0,0
0,0,0,0,0,0,0,0,0,0,0,0,0,0,0,0,0,0,0,0,0,0,0,0,0,0,0,0,0,0,0,0,0,0,0,0,0,0,0,0,0,-10.91326543,0,0,0,0,0,0,0,0,0,0,0,0,0,0,0,0,0,0,0,0,7.426794764,19.07868759,0,0,0,0,0,-8.625367281,0,0,0,0,0,10.48334429,0,0,0,0,0,0,0,0,0,0,0,0,0,0,0,0,0,0,0,0,0,0,0,0,0,0,0,0,0,0,0,0,0,0,0,0,0,0,0,0,0,0,0,0,0,0,0,0,0,0,0,0,0,0,0,0,0,0,0,0,0,0,0,0,0,0,0,0,0,0,0,0,0,0,0,0,0,0,0,0,0,0,0,0,0,0,0,0,0,0,0,0,0,0,0,0,0,0,0,0,0,0,0,0
0,0,0,0,0,0,0,0,0,0,0,0,0,0,0,0,0,0,0,0,0,0,0,0,0,0,0,0,0,0,0,0,0,0,0,0,0,0,0,0,0,0,0,0,0,0,0,0,0,0,0,0,0,0,0,0,0,0,0,0,0,0,9.127911044,0,0,0,0,0,0,-11.69449661,0,0,0,0,0,0,0,0,0,0,0,0,0,0,0,0,0,0,0,0,0,0,0,0,0,0,0,0,0,0,0,0,0,0,0,0,0,0,0,0,0,0,0,0,0,0,0,0,0,0,0,0,0,0,0,0,0,0,0,0,0,0,0,0,0,0,0,0,0,0,0,0,0,0,0,0,0,0,0,0,0,0,0,0,0,0,0,0,0,0,0,0,0,0,0,0,0,0,0,0,0,0,0,0,0,0,0,0,0,0
0,0,0,0,0,0,0,0,0,0,0,0,0,0,0,0,0,0,0,0,0,0,0,0,0,0,0,0,0,0,0,0,0,-8.956656494,0,0,0,0,0,0,0,0,0,0,0,0,0,0,0,0,0,0,0,0,0,0,0,0,0,0,0,0,0,0,0,0,0,0,0,0,0,0,0,0,0,-12.66085896,0,0,0,0,0,0,0,0,0,0,0,0,0,0,0,0,0,0,0,0,0,0,0,0,0,0,0,0,0,0,0,0,0,0,0,0,0,0,0,0,0,0,0,0,0,0,0,0,0,0,0,0,0,0,0,0,0,0,0,0,0,0,0,0,0,0,0,0,0,0,0,0,0,0,0,0,0,0,0,0,0,0,0,0,0,0,0,0,0,0,0,0,0,0,0,0,0,0,0,0,0,0,0,0
0,0,0,0,0,0,0,0,0,0,0,0,0,0,0,0,0,0,0,0,0,0,0,0,0,0,0,0,0,0,0,-11.82574357,0,0,0,0,0,0,38.74558351,0,0,0,0,0,0,0,0,0,0,0,0,0,-18.65683219,0,0,17.35468367,0,0,0,0,0,0,0,0,0,0,-7.541034419,0,0,0,0,0,0,0,12.00771218,-6.35795894,0,0,0,0,0,0,0,0,0,0,0,0,0,0,0,0,0,0,0,0,0,0,0,0,0,0,0,0,0,0,0,0,0,0,0,0,0,0,0,0,0,0,0,0,0,0,0,0,0,0,0,0,0,0,0,0,0,0,0,0,0,0,0,0,0,0,0,0,0,0,0,0,0,0,0,0,0,0,0,0,0,0,0,0,0,0,0,0,0,0,0,0,0,0,0,0,0,0,0,0,0,0,0,0
0,0,0,0,0,0,0,0,0,0,0,0,0,0,0,0,0,0,0,0,0,0,0,0,0,0,0,0,0,0,0,8.751673064,-12.14971801,0,0,-14.78995297,0,0,0,0,0,0,0,0,0,0,0,0,0,0,0,0,0,0,0,0,0,0,0,0,0,0,0,0,0,-8.785416001,0,-9.325408324,0,0,0,0,0,0,0,0,-9.475655657,0,0,0,0,0,0,0,0,0,0,0,0,0,0,0,0,0,0,0,0,0,0,0,0,0,0,0,0,0,0,0,0,0,0,0,0,0,0,0,0,0,0,0,0,0,0,0,0,0,0,0,0,0,0,0,0,0,0,0,0,0,0,0,0,0,0,0,0,0,0,0,0,0,0,0,0,0,0,0,0,0,0,0,0,0,0,0,0,0,0,0,0,0,0,0,0,0,0,0,0,0,0,0
0,0,0,0,0,0,0,0,0,0,0,0,0,0,0,0,0,0,0,0,0,0,0,0,0,0,0,0,0,0,0,5.52446197,0,0,5.841365714,0,0,0,0,0,0,0,0,0,0,0,0,0,0,0,0,0,0,0,0,-11.4617637,0,0,0,0,0,0,0,0,0,0,0,0,0,0,0,0,0,0,0,0,0,0,0,0,0,0,0,0,0,0,0,0,0,0,0,0,0,0,0,0,0,0,0,0,0,0,0,0,0,0,0,0,0,0,0,0,0,0,0,0,0,0,0,0,0,0,0,0,0,0,0,0,0,0,0,0,0,0,0,0,0,0,0,0,0,0,0,0,0,0,0,0,0,0,0,0,0,0,0,0,0,0,0,0,0,0,0,0,0,0,0,0,0,0,0,0,0,0,0,0,0,0,0,0
0,0,0,0,0,0,0,0,0,0,0,0,0,0,0,0,0,0,0,0,0,0,0,0,0,0,0,0,0,0,0,0,0,0,0,0,0,0,0,0,0,0,5.049477137,0,0,0,0,0,-9.660854713,0,-7.287179378,0,0,0,0,0,0,0,0,0,0,0,0,11.63463288,0,0,0,0,0,0,0,0,0,0,0,0,0,0,0,0,0,0,0,0,0,0,0,0,0,0,0,0,0,0,0,0,0,0,0,0,0,0,0,0,0,0,0,0,0,0,0,0,0,0,0,0,0,0,0,0,0,0,0,0,0,0,0,0,0,0,0,0,0,0,0,0,0,0,0,0,0,0,0,0,0,0,0,0,0,0,0,0,0,0,17.00750076,0,0,0,0,0,0,0,0,0,0,0,0,0,0,0,0,0,0,0,0,0,0,0,0,0
0,0,0,0,0,0,0,0,0,0,0,0,0,0,0,0,0,0,0,0,0,0,0,0,0,0,0,0,0,0,0,0,-7.734328516,-4.414365956,0,0,0,0,0,0,0,0,0,0,0,0,0,0,-11.37119328,0,0,0,0,0,0,-13.78118666,0,0,0,0,0,0,0,0,6.582805493,-10.80108752,13.22539263,0,0,0,0,0,0,0,7.860963677,0,0,0,-14.88259791,0,0,0,0,0,0,0,0,0,0,0,0,0,0,0,0,0,-32.33563748,0,0,0,0,0,0,0,0,0,0,0,0,0,0,0,0,0,0,0,0,0,0,0,0,0,0,0,0,0,0,0,0,0,0,0,0,0,0,0,0,0,0,0,0,0,0,0,0,0,0,0,0,0,0,0,0,0,0,0,0,0,0,0,0,0,0,0,0,0,0,0,0,0,0,0,0,0,0,0,0,0,0,0
0,0,0,0,0,0,0,0,0,0,0,0,0,0,0,0,0,0,0,0,0,0,0,0,0,0,0,0,0,0,0,0,0,0,0,0,0,-16.85273052,0,-14.13890219,0,0,-9.74580592,0,0,0,6.519496374,0,0,0,0,0,0,0,0,0,0,0,0,-6.652855926,0,0,0,0,0,0,0,0,0,0,0,5.118593305,-9.468880908,0,0,0,0,-9.861506894,0,0,0,0,0,0,0,0,0,0,0,0,0,0,0,0,0,0,0,0,0,0,0,0,0,0,0,0,0,0,0,0,-66.6284471,0,0,0,0,0,0,0,0,0,0,0,0,0,0,0,0,0,0,0,52.30481648,0,0,0,0,0,0,0,0,0,0,0,0,0,0,0,0,0,0,0,0,0,0,0,0,0,0,0,0,0,0,0,0,0,0,0,0,0,0,0,0,0,0,0,0,0,0,0,0,0
0,0,0,0,0,0,0,0,0,0,0,0,0,0,0,0,0,0,0,0,0,0,0,0,0,0,0,0,0,0,0,0,0,0,0,0,0,0,15.24057438,0,-9.023925687,0,0,0,0,0,6.771261274,0,-11.24752814,0,0,0,0,0,0,0,0,0,0,0,0,0,0,0,-5.220767888,0,0,0,0,0,7.72694355,0,0,0,0,0,0,0,0,0,25.03286443,0,0,0,0,0,0,0,0,0,0,0,0,0,0,0,0,0,0,0,0,0,0,0,0,0,0,0,0,0,0,0,0,0,0,0,0,0,0,0,0,0,0,0,0,0,0,0,0,0,0,0,0,0,0,0,0,0,0,0,0,0,0,0,0,0,0,0,0,0,0,0,0,0,0,0,0,0,0,0,0,0,0,0,0,0,0,0,0,0,0,0,0,0,0,0,0,0,0,0
0,0,0,0,0,0,0,0,0,0,0,0,0,0,0,0,0,0,0,0,0,0,0,0,0,0,0,0,0,0,0,0,0,-6.113389234,0,0,0,0,-30.08444077,0,0,0,0,0,0,0,0,0,0,0,0,0,0,0,0,0,0,0,0,0,0,0,0,0,0,0,0,-16.13749941,-12.26959164,0,20.62757244,0,0,0,0,-8.483691304,0,0,19.4273921,0,0,0,0,0,0,0,0,0,0,0,0,0,0,0,0,0,0,0,0,0,0,0,0,0,0,0,0,0,0,0,0,0,0,0,0,0,0,0,0,0,0,0,0,0,0,0,0,0,0,0,0,0,0,0,0,0,0,0,0,0,0,0,0,0,0,0,0,0,0,0,0,0,0,0,0,0,0,0,0,0,0,0,0,0,0,0,0,0,0,0,0,0,0,0,0,0,0,0,0,0
0,0,0,0,0,0,0,0,0,0,0,0,0,0,0,0,0,0,0,0,0,0,0,0,0,0,0,0,0,0,0,0,-2.856727232,0,0,0,0,0,0,0,0,0,0,0,0,0,0,0,0,0,0,0,3.903111248,0,0,0,0,0,-4.011362016,0,0,0,-3.263655916,0,0,0,0,1.744086501,0,0,0,0,0,0,0,0,0,0,0,0,5.898902062,0,0,0,0,0,0,0,0,0,0,0,0,0,0,0,0,0,0,0,0,0,0,0,0,0,0,0,0,0,0,0,0,0,0,0,0,0,0,0,0,0,0,0,0,0,0,0,0,0,0,0,0,0,0,0,0,0,0,0,0,0,0,0,0,0,0,0,0,0,0,0,0,0,0,0,0,0,0,0,0,0,0,0,0,0,0,0,0,0,0,0,0,0,0,0,0,0,0,0
0,0,0,0,0,0,0,0,0,0,0,0,0,0,0,0,0,0,0,0,0,0,0,0,0,0,0,0,0,0,0,0,7.079999004,0,0,0,0,0,0,0,0,0,0,0,0,4.14801311,0,0,0,-7.281316458,0,0,0,0,0,0,0,0,0,0,0,0,0,0,0,0,0,0,0,0,0,0,0,0,0,-2.934891567,0,0,0,0,20.28231262,0,0,0,0,0,0,0,0,0,0,0,0,0,0,0,0,0,0,0,0,0,0,0,0,0,0,0,0,0,0,0,0,0,0,0,0,0,0,0,0,0,0,0,0,0,0,0,0,0,0,0,0,0,0,0,0,0,0,0,0,0,0,0,-17.54409044,0,0,0,0,0,0,0,0,0,0,0,0,0,0,0,0,0,0,0,0,0,0,0,0,0,0,0,0,0,0,0,0,0,0,0
